id,lastpage,randnumber,benani1,benani2sq001,benani3,bebuni1,bebuni2sq001,bebuni3,beinni1,beinni2sq001,beinni3,benage1,benage2sq001,benage3,bebuge1,bebuge2sq001,bebuge3,beinge1,beinge2sq001,beinge3,frenani1,frenani2sq001,frenani3,frebuni1,frebuni2sq001,frebuni3,freinni1,freinni2sq001,freinni3,frenage1,frenage2sq001,frenage3,frebuge1,frebuge2sq001,frebuge3,freinge1,freinge2sq001,freinge3,ctrl,age,gen1,gen2,gen3,gen4,edu1,edu2,edu3,edu4,edu5,edu6,edu7,edu8,edu10,org1,org2,org3,org4
1,45,6,,,,,,,,,,,,,,,,Y,AO06,Y,,,,,,,,,,,,,,,,,,,3,49,Y,,,,,,,,,,,,Y,,,Y,
2,45,4,,,,,,,,,,N,AO04,Y,,,,,,,,,,,,,,,,,,,,,,,,,3,52,,,Y,,,,,,,,,,Y,Y,,,
3,45,7,,,,,,,,,,,,,,,,,,,N,AO07,N,,,,,,,,,,,,,,,,3,49,,,Y,,,,Y,,,,,,,,,Y,
4,45,8,,,,,,,,,,,,,,,,,,,,,,Y,AO07,N,,,,,,,,,,,,,3,31,Y,,,,,,Y,,,,,,,,,Y,
5,45,1,Y,AO06,N,,,,,,,,,,,,,,,,,,,,,,,,,,,,,,,,,,3,52,Y,,,,,Y,,,,,,,,Y,,,
6,45,10,,,,,,,,,,,,,,,,,,,,,,,,,,,,N,AO03,N,,,,,,,3,67,Y,,,,,,,Y,,,,,,,,Y,
7,45,4,,,,,,,,,,N,AO06,N,,,,,,,,,,,,,,,,,,,,,,,,,3,26,,,Y,,,,Y,,,,,,,,,,Y
8,45,2,,,,Y,AO07,Y,,,,,,,,,,,,,,,,,,,,,,,,,,,,,,,3,56,,,Y,,,Y,,,,,,,,,,Y,
9,45,8,,,,,,,,,,,,,,,,,,,,,,N,AO07,N,,,,,,,,,,,,,3,29,Y,,,,,,Y,,,,,,,,,Y,
10,45,9,,,,,,,,,,,,,,,,,,,,,,,,,N,AO04,N,,,,,,,,,,3,27,,,Y,,,Y,,,,,,,Y,,Y,,
11,45,7,,,,,,,,,,,,,,,,,,,N,AO07,Y,,,,,,,,,,,,,,,,3,73,,,Y,,,Y,,,,,,,,,,Y,
12,41,5,,,,,,,,,,,,,Y,AO07,Y,,,,,,,,,,,,,,,,,,,,,,1,,,,,,,,,,,,,,,,,,
13,45,12,,,,,,,,,,,,,,,,,,,,,,,,,,,,,,,,,,Y,AO07,Y,3,59,Y,,,,,,Y,,,,,,,,,Y,
14,13,4,,,,,,,,,,,,,,,,,,,,,,,,,,,,,,,,,,,,,,,,,,,,,,,,,,,,,,,
15,45,4,,,,,,,,,,Y,AO07,Y,,,,,,,,,,,,,,,,,,,,,,,,,3,52,Y,,,,,,,Y,,,,,,,,Y,
16,45,5,,,,,,,,,,,,,Y,AO07,Y,,,,,,,,,,,,,,,,,,,,,,3,28,,,Y,,,,Y,,,,,,,Y,,,
17,45,5,,,,,,,,,,,,,Y,AO07,Y,,,,,,,,,,,,,,,,,,,,,,3,74,,,Y,,,Y,,,,,,,,Y,,,
18,45,4,,,,,,,,,,Y,AO07,Y,,,,,,,,,,,,,,,,,,,,,,,,,3,31,,,Y,,,,Y,,,,,,,,,Y,
19,45,11,,,,,,,,,,,,,,,,,,,,,,,,,,,,,,,N,AO03,N,,,,3,45,,,Y,,,,,Y,,,,,,,,Y,
20,45,6,,,,,,,,,,,,,,,,Y,AO07,Y,,,,,,,,,,,,,,,,,,,3,58,,,Y,,,,,,,,,,Y,,,Y,
21,41,6,,,,,,,,,,,,,,,,Y,AO04,Y,,,,,,,,,,,,,,,,,,,1,,,,,,,,,,,,,,,,,,
22,45,7,,,,,,,,,,,,,,,,,,,Y,AO02,Y,,,,,,,,,,,,,,,,3,40,,,Y,,,,,Y,,,,,,Y,,,
23,5,1,N,,,,,,,,,,,,,,,,,,,,,,,,,,,,,,,,,,,,,,,,,,,,,,,,,,,,,,
24,45,5,,,,,,,,,,,,,N,AO07,Y,,,,,,,,,,,,,,,,,,,,,,3,62,Y,,,,,Y,,,,,,,,,,Y,
25,45,6,,,,,,,,,,,,,,,,N,AO03,N,,,,,,,,,,,,,,,,,,,3,66,,,Y,,,,,Y,Y,,,,,Y,,,
26,45,5,,,,,,,,,,,,,N,AO04,N,,,,,,,,,,,,,,,,,,,,,,3,59,,,Y,,,Y,,,,,,,,,,Y,
27,45,10,,,,,,,,,,,,,,,,,,,,,,,,,,,,Y,AO07,Y,,,,,,,3,37,Y,,,,,,,Y,,,,,,,,Y,
28,45,10,,,,,,,,,,,,,,,,,,,,,,,,,,,,N,AO01,N,,,,,,,3,62,,,Y,,,,Y,,,,,,,,,Y,
29,45,3,,,,,,,N,AO01,Y,,,,,,,,,,,,,,,,,,,,,,,,,,,,3,74,Y,,,,,,Y,,,,,,,Y,,,
30,45,5,,,,,,,,,,,,,Y,AO07,Y,,,,,,,,,,,,,,,,,,,,,,3,67,Y,,,,,,,,,,,,Y,,,,Y
31,45,1,Y,AO06,Y,,,,,,,,,,,,,,,,,,,,,,,,,,,,,,,,,,3,47,Y,,,,,,Y,,,,,,,,,,Y
32,45,12,,,,,,,,,,,,,,,,,,,,,,,,,,,,,,,,,,N,AO03,Y,3,49,Y,,,,,,,,,,,,Y,Y,,,
33,41,6,,,,,,,,,,,,,,,,Y,AO06,Y,,,,,,,,,,,,,,,,,,,2,,,,,,,,,,,,,,,,,,
34,45,2,,,,N,AO05,N,,,,,,,,,,,,,,,,,,,,,,,,,,,,,,,3,32,,,Y,,,,,Y,,,,,,,,Y,
35,41,12,,,,,,,,,,,,,,,,,,,,,,,,,,,,,,,,,,N,AO01,N,2,,,,,,,,,,,,,,,,,,
36,45,7,,,,,,,,,,,,,,,,,,,Y,AO02,N,,,,,,,,,,,,,,,,3,52,Y,,,,,,,,,,,,Y,,,Y,
37,45,7,,,,,,,,,,,,,,,,,,,Y,AO07,N,,,,,,,,,,,,,,,,3,55,,Y,,,,Y,,,,,,,,,Y,,
38,45,1,Y,AO06,Y,,,,,,,,,,,,,,,,,,,,,,,,,,,,,,,,,,3,24,Y,,,,,,Y,,,,,,,,Y,,
39,31,10,,,,,,,,,,,,,,,,,,,,,,,,,,,,,,,,,,,,,,,,,,,,,,,,,,,,,,,
40,45,9,,,,,,,,,,,,,,,,,,,,,,,,,Y,AO07,N,,,,,,,,,,3,36,Y,,,,,,,,,,,,Y,,,Y,
41,-1,,,,,,,,,,,,,,,,,,,,,,,,,,,,,,,,,,,,,,,,,,,,,,,,,,,,,,,,
42,45,1,Y,AO07,Y,,,,,,,,,,,,,,,,,,,,,,,,,,,,,,,,,,3,71,Y,,,,,,,Y,,,,,,,,Y,
43,45,9,,,,,,,,,,,,,,,,,,,,,,,,,Y,AO04,Y,,,,,,,,,,3,66,,,Y,,,Y,,,,,,,,Y,,,
44,45,7,,,,,,,,,,,,,,,,,,,Y,AO06,Y,,,,,,,,,,,,,,,,3,50,,,Y,,,,,,,,,,Y,,,Y,
45,45,8,,,,,,,,,,,,,,,,,,,,,,N,AO06,Y,,,,,,,,,,,,,3,40,,,Y,,,,Y,,,,,,,Y,,,
46,45,7,,,,,,,,,,,,,,,,,,,N,AO01,N,,,,,,,,,,,,,,,,3,36,,,Y,,,,,,,,,,Y,,,Y,
47,45,10,,,,,,,,,,,,,,,,,,,,,,,,,,,,N,AO04,Y,,,,,,,3,64,Y,,,,,Y,,,,,,,,,Y,,
48,45,8,,,,,,,,,,,,,,,,,,,,,,N,AO01,Y,,,,,,,,,,,,,3,44,,,Y,,,,,Y,,,,,,,,Y,
49,45,8,,,,,,,,,,,,,,,,,,,,,,Y,AO06,Y,,,,,,,,,,,,,3,62,,,Y,,,,Y,,,,,,,Y,,,
50,45,7,,,,,,,,,,,,,,,,,,,N,AO07,N,,,,,,,,,,,,,,,,3,54,,,Y,,,,,,,,,,Y,,Y,,
51,45,1,Y,AO06,Y,,,,,,,,,,,,,,,,,,,,,,,,,,,,,,,,,,3,68,,,Y,,,,,,,,,,Y,Y,,,
52,45,9,,,,,,,,,,,,,,,,,,,,,,,,,Y,AO06,Y,,,,,,,,,,3,69,,,Y,,,,,Y,,,,,,,,Y,
53,45,2,,,,Y,AO07,Y,,,,,,,,,,,,,,,,,,,,,,,,,,,,,,,3,54,Y,,,,,,,Y,,,,,,Y,,,
54,45,5,,,,,,,,,,,,,Y,AO06,Y,,,,,,,,,,,,,,,,,,,,,,3,52,,,Y,,,Y,,,,,,,,,,Y,
55,45,11,,,,,,,,,,,,,,,,,,,,,,,,,,,,,,,Y,AO01,Y,,,,3,65,,,Y,,,,Y,Y,,,,,,,,Y,
56,45,6,,,,,,,,,,,,,,,,Y,AO05,N,,,,,,,,,,,,,,,,,,,3,66,Y,,,,,,Y,,,,,,Y,,,,Y
57,45,1,Y,AO02,Y,,,,,,,,,,,,,,,,,,,,,,,,,,,,,,,,,,3,37,Y,,,,,,,Y,,,,,,,,Y,
58,45,10,,,,,,,,,,,,,,,,,,,,,,,,,,,,Y,AO01,Y,,,,,,,3,71,,,Y,,,,,,,,,,Y,,,Y,
59,45,3,,,,,,,Y,AO07,Y,,,,,,,,,,,,,,,,,,,,,,,,,,,,3,47,Y,,,,,,Y,,,,,,,,,Y,
60,45,3,,,,,,,Y,AO07,Y,,,,,,,,,,,,,,,,,,,,,,,,,,,,3,74,,,Y,,,,,Y,,,,,,,,Y,
61,45,4,,,,,,,,,,Y,AO07,Y,,,,,,,,,,,,,,,,,,,,,,,,,3,38,,,Y,,,Y,,,,,,,Y,Y,,,
62,45,6,,,,,,,,,,,,,,,,Y,AO07,Y,,,,,,,,,,,,,,,,,,,3,50,,,Y,,,,,,,,,,Y,,,Y,
63,45,4,,,,,,,,,,Y,AO06,Y,,,,,,,,,,,,,,,,,,,,,,,,,3,66,Y,,,,,Y,,,,,,,,Y,,,
64,45,4,,,,,,,,,,Y,AO03,Y,,,,,,,,,,,,,,,,,,,,,,,,,3,54,,,Y,,,,,,,,,,Y,,,Y,
65,45,7,,,,,,,,,,,,,,,,,,,Y,AO03,Y,,,,,,,,,,,,,,,,3,30,Y,,,,,,Y,,,,,,Y,Y,,,
66,45,6,,,,,,,,,,,,,,,,Y,AO07,Y,,,,,,,,,,,,,,,,,,,3,70,,,Y,,,Y,,,,,,,,,,Y,
67,45,11,,,,,,,,,,,,,,,,,,,,,,,,,,,,,,,Y,AO01,Y,,,,3,62,Y,,,,,,,Y,,,,,,Y,,,
68,45,1,N,AO07,Y,,,,,,,,,,,,,,,,,,,,,,,,,,,,,,,,,,3,48,,,Y,,,,,Y,,,,,,,,Y,
69,45,10,,,,,,,,,,,,,,,,,,,,,,,,,,,,N,AO02,N,,,,,,,3,47,,,Y,,,Y,,,,,,,,Y,,,
70,45,7,,,,,,,,,,,,,,,,,,,Y,AO05,Y,,,,,,,,,,,,,,,,3,72,,,Y,,,,,Y,,,,,,,,,Y
71,45,7,,,,,,,,,,,,,,,,,,,N,AO07,Y,,,,,,,,,,,,,,,,3,67,Y,,,,,Y,,,,,,,,,,,Y
72,45,5,,,,,,,,,,,,,N,AO06,N,,,,,,,,,,,,,,,,,,,,,,3,49,,,Y,,,,Y,,,,,,Y,,Y,,
73,45,7,,,,,,,,,,,,,,,,,,,Y,AO03,Y,,,,,,,,,,,,,,,,3,20,,,Y,,,,,,,,Y,,,,,Y,
74,45,6,,,,,,,,,,,,,,,,Y,AO05,Y,,,,,,,,,,,,,,,,,,,3,30,,,Y,,,,,,,,,,Y,,,Y,
75,45,3,,,,,,,Y,AO07,N,,,,,,,,,,,,,,,,,,,,,,,,,,,,3,45,Y,,,,,,Y,,,,,,Y,,,Y,
76,45,1,Y,AO04,N,,,,,,,,,,,,,,,,,,,,,,,,,,,,,,,,,,3,57,,,Y,,,,,Y,,,,,Y,Y,,,
77,45,9,,,,,,,,,,,,,,,,,,,,,,,,,N,AO04,Y,,,,,,,,,,3,53,,,Y,,,,,Y,,,,,,,Y,,
78,45,10,,,,,,,,,,,,,,,,,,,,,,,,,,,,Y,AO07,Y,,,,,,,3,52,Y,,,,,,,,,,,,Y,Y,,,
79,45,1,N,AO04,N,,,,,,,,,,,,,,,,,,,,,,,,,,,,,,,,,,3,24,Y,,,,,Y,,,,,,,,,Y,,
80,45,2,,,,Y,AO07,Y,,,,,,,,,,,,,,,,,,,,,,,,,,,,,,,3,38,Y,,,,,,Y,,,,,,,,,Y,
81,-1,,,,,,,,,,,,,,,,,,,,,,,,,,,,,,,,,,,,,,,,,,,,,,,,,,,,,,,,
82,45,1,Y,AO04,Y,,,,,,,,,,,,,,,,,,,,,,,,,,,,,,,,,,3,50,Y,,,,,Y,,,,,,,,Y,,,
83,45,11,,,,,,,,,,,,,,,,,,,,,,,,,,,,,,,N,AO04,Y,,,,3,44,,,Y,,,,Y,,,,,,,,,Y,
84,45,4,,,,,,,,,,N,AO01,N,,,,,,,,,,,,,,,,,,,,,,,,,3,55,,,Y,,,Y,,,,,,,,,,Y,
85,45,1,Y,AO06,Y,,,,,,,,,,,,,,,,,,,,,,,,,,,,,,,,,,3,57,Y,,,,,Y,,,,,,,Y,,,Y,
86,45,2,,,,Y,AO07,Y,,,,,,,,,,,,,,,,,,,,,,,,,,,,,,,3,56,,,Y,,,,,,,,,,Y,Y,,,
87,45,12,,,,,,,,,,,,,,,,,,,,,,,,,,,,,,,,,,N,AO04,N,3,59,,,Y,,,Y,,,,,,,,,,Y,
88,45,9,,,,,,,,,,,,,,,,,,,,,,,,,N,AO05,N,,,,,,,,,,3,26,Y,,,,,,,,,,Y,,,,,Y,
89,45,5,,,,,,,,,,,,,Y,AO01,N,,,,,,,,,,,,,,,,,,,,,,3,69,,,Y,,,,Y,,,,,,,Y,,,
90,45,10,,,,,,,,,,,,,,,,,,,,,,,,,,,,N,AO03,N,,,,,,,3,46,,,Y,,,,,,,,,,Y,,,Y,
91,45,9,,,,,,,,,,,,,,,,,,,,,,,,,Y,AO02,Y,,,,,,,,,,3,65,Y,,,,,Y,,,,,,,,,,Y,
92,45,6,,,,,,,,,,,,,,,,N,AO01,Y,,,,,,,,,,,,,,,,,,,3,57,Y,,,,,,,Y,,,,,,Y,,,
93,45,1,Y,AO07,Y,,,,,,,,,,,,,,,,,,,,,,,,,,,,,,,,,,3,45,Y,,,,,Y,,,,,,,,,,Y,
94,45,2,,,,Y,AO05,N,,,,,,,,,,,,,,,,,,,,,,,,,,,,,,,3,35,Y,,,,,,,Y,,,,,,,,Y,
95,45,4,,,,,,,,,,Y,AO03,Y,,,,,,,,,,,,,,,,,,,,,,,,,3,58,Y,,,,,Y,,,,,,,,,,Y,
96,45,8,,,,,,,,,,,,,,,,,,,,,,Y,AO03,Y,,,,,,,,,,,,,3,35,,,Y,,,,Y,,,,,,,,Y,,
97,45,9,,,,,,,,,,,,,,,,,,,,,,,,,N,AO03,N,,,,,,,,,,3,69,,,Y,,,,Y,,,,,,,,Y,,
98,45,1,Y,AO07,Y,,,,,,,,,,,,,,,,,,,,,,,,,,,,,,,,,,3,29,,,Y,,,,Y,,,,,,,Y,,,
99,45,8,,,,,,,,,,,,,,,,,,,,,,Y,AO07,Y,,,,,,,,,,,,,3,61,Y,,,,,,,,,,,,Y,Y,,,
100,45,11,,,,,,,,,,,,,,,,,,,,,,,,,,,,,,,Y,AO07,Y,,,,3,39,Y,,,,,,,Y,,,Y,,Y,Y,,,
101,45,4,,,,,,,,,,N,AO01,N,,,,,,,,,,,,,,,,,,,,,,,,,3,65,,,Y,,,Y,,,,,,,,,,,Y
102,45,12,,,,,,,,,,,,,,,,,,,,,,,,,,,,,,,,,,N,AO01,N,3,50,Y,,,,,,,,,,,Y,,Y,,Y,
103,45,1,N,AO05,N,,,,,,,,,,,,,,,,,,,,,,,,,,,,,,,,,,3,62,,,Y,,,,,Y,,,,,,Y,,,
104,45,1,N,AO04,Y,,,,,,,,,,,,,,,,,,,,,,,,,,,,,,,,,,3,44,,,Y,,,,,,,,,,Y,,,Y,
105,45,8,,,,,,,,,,,,,,,,,,,,,,Y,AO01,Y,,,,,,,,,,,,,3,59,Y,,,,,Y,,,,,,,,,,Y,
106,45,11,,,,,,,,,,,,,,,,,,,,,,,,,,,,,,,Y,AO02,Y,,,,3,67,,,Y,,,Y,,,,,,,,Y,,,
107,45,9,,,,,,,,,,,,,,,,,,,,,,,,,N,AO01,N,,,,,,,,,,3,50,,,Y,,,,Y,,,,,,,Y,,,
108,45,2,,,,N,AO07,N,,,,,,,,,,,,,,,,,,,,,,,,,,,,,,,3,67,,,Y,,,,,,Y,,,,,,,Y,
109,45,6,,,,,,,,,,,,,,,,N,AO05,N,,,,,,,,,,,,,,,,,,,3,47,,,Y,,,,,Y,,,,,,,,Y,
110,45,11,,,,,,,,,,,,,,,,,,,,,,,,,,,,,,,N,AO06,N,,,,3,65,,,Y,,,,Y,,,,,,Y,,,Y,
111,45,11,,,,,,,,,,,,,,,,,,,,,,,,,,,,,,,Y,AO07,Y,,,,3,48,,,Y,,,,Y,,,,,,Y,Y,,,
112,45,7,,,,,,,,,,,,,,,,,,,Y,AO07,Y,,,,,,,,,,,,,,,,3,47,,,Y,,,,,Y,,,,,,Y,,,
113,45,4,,,,,,,,,,Y,AO05,Y,,,,,,,,,,,,,,,,,,,,,,,,,3,28,,,Y,,,Y,,,,,,,Y,Y,,,
114,45,11,,,,,,,,,,,,,,,,,,,,,,,,,,,,,,,N,AO07,N,,,,3,65,Y,,,,,Y,,,,,,,Y,Y,,,
115,45,8,,,,,,,,,,,,,,,,,,,,,,N,AO02,Y,,,,,,,,,,,,,3,61,Y,,,,,Y,,,,,,,,Y,,,
116,45,6,,,,,,,,,,,,,,,,N,AO05,N,,,,,,,,,,,,,,,,,,,3,62,,,Y,,,Y,,,,,,,,Y,,,
117,45,1,Y,AO07,Y,,,,,,,,,,,,,,,,,,,,,,,,,,,,,,,,,,3,65,Y,,,,,,,,,,,,Y,,Y,,
118,45,7,,,,,,,,,,,,,,,,,,,N,AO01,N,,,,,,,,,,,,,,,,3,20,Y,,,,,,,,,,Y,,,Y,,,
119,45,9,,,,,,,,,,,,,,,,,,,,,,,,,Y,AO07,Y,,,,,,,,,,3,67,,,Y,,,Y,,,,,,,,Y,,,
120,45,2,,,,Y,AO06,Y,,,,,,,,,,,,,,,,,,,,,,,,,,,,,,,3,41,Y,,,,,,Y,,,,,,,,,Y,
121,41,3,,,,,,,Y,AO07,Y,,,,,,,,,,,,,,,,,,,,,,,,,,,,1,,,,,,,,,,,,,,,,,,
122,45,5,,,,,,,,,,,,,Y,AO07,Y,,,,,,,,,,,,,,,,,,,,,,3,55,,,Y,,,,,,,,,,Y,,,Y,
123,45,8,,,,,,,,,,,,,,,,,,,,,,N,AO05,Y,,,,,,,,,,,,,3,74,,,Y,,,,,Y,,,,,,Y,,,
124,45,12,,,,,,,,,,,,,,,,,,,,,,,,,,,,,,,,,,N,AO04,N,3,65,,,Y,,,,,Y,,,,,,,Y,,
125,41,7,,,,,,,,,,,,,,,,,,,N,AO04,Y,,,,,,,,,,,,,,,,5,,,,,,,,,,,,,,,,,,
126,45,9,,,,,,,,,,,,,,,,,,,,,,,,,Y,AO01,N,,,,,,,,,,3,40,Y,,,,,,Y,,,,,,,Y,,,
127,45,4,,,,,,,,,,N,AO01,Y,,,,,,,,,,,,,,,,,,,,,,,,,3,36,,,Y,,,,,,,,,,Y,,,Y,
128,45,9,,,,,,,,,,,,,,,,,,,,,,,,,N,AO01,Y,,,,,,,,,,3,27,Y,,,,,,Y,,,,,,,,,Y,
129,45,6,,,,,,,,,,,,,,,,N,AO05,N,,,,,,,,,,,,,,,,,,,3,63,,,Y,,,,Y,,,,,,,Y,,,
130,45,1,Y,AO01,Y,,,,,,,,,,,,,,,,,,,,,,,,,,,,,,,,,,3,30,,,Y,,,,,Y,,,,,,,,Y,
131,45,6,,,,,,,,,,,,,,,,N,AO03,N,,,,,,,,,,,,,,,,,,,3,64,Y,,,,,,,,,,,,Y,,,Y,
132,45,1,N,AO07,N,,,,,,,,,,,,,,,,,,,,,,,,,,,,,,,,,,3,39,Y,,,,,Y,,,,,,,,Y,,,
133,45,7,,,,,,,,,,,,,,,,,,,Y,AO04,N,,,,,,,,,,,,,,,,3,41,,,Y,,,,Y,,,,,,,,,Y,
134,45,11,,,,,,,,,,,,,,,,,,,,,,,,,,,,,,,Y,AO07,Y,,,,3,65,Y,,,,,Y,,,,,,,,,,Y,
135,45,6,,,,,,,,,,,,,,,,N,AO06,N,,,,,,,,,,,,,,,,,,,3,72,,,Y,,,,,Y,,,,,,Y,,,
136,45,1,Y,AO03,N,,,,,,,,,,,,,,,,,,,,,,,,,,,,,,,,,,3,61,Y,,Y,,,,Y,,,,,,,Y,,,
137,45,7,,,,,,,,,,,,,,,,,,,N,AO01,Y,,,,,,,,,,,,,,,,3,66,Y,,,,,Y,,,,,,,,,,Y,
138,45,2,,,,Y,AO05,Y,,,,,,,,,,,,,,,,,,,,,,,,,,,,,,,3,45,,,Y,,,,Y,,,,,,,Y,,,
139,45,9,,,,,,,,,,,,,,,,,,,,,,,,,Y,AO07,Y,,,,,,,,,,3,53,,,Y,,,,,,,,,,Y,,,Y,
140,45,8,,,,,,,,,,,,,,,,,,,,,,N,AO07,N,,,,,,,,,,,,,3,46,,,Y,,,,,,,,Y,,,,,Y,
141,45,10,,,,,,,,,,,,,,,,,,,,,,,,,,,,N,AO04,N,,,,,,,3,46,Y,,,,,,,Y,,,,,,,,Y,
142,45,12,,,,,,,,,,,,,,,,,,,,,,,,,,,,,,,,,,Y,AO07,Y,3,27,,,Y,,,,,Y,,,,,,Y,,,
143,31,10,,,,,,,,,,,,,,,,,,,,,,,,,,,,,,,,,,,,,,,,,,,,,,,,,,,,,,,
144,45,11,,,,,,,,,,,,,,,,,,,,,,,,,,,,,,,Y,AO07,Y,,,,3,33,Y,,,,,,,,,,Y,,,Y,,,
145,45,5,,,,,,,,,,,,,Y,AO04,Y,,,,,,,,,,,,,,,,,,,,,,3,40,Y,,,,,Y,,,,,,,,,,Y,
146,45,9,,,,,,,,,,,,,,,,,,,,,,,,,Y,AO01,Y,,,,,,,,,,3,50,Y,,,,,Y,,,,,,,,Y,,,
147,45,7,,,,,,,,,,,,,,,,,,,Y,AO07,Y,,,,,,,,,,,,,,,,3,64,Y,,,,,Y,,,,,,,,Y,,,
148,45,6,,,,,,,,,,,,,,,,N,AO05,N,,,,,,,,,,,,,,,,,,,3,28,,,Y,,,,,Y,,,,,,,,Y,
149,45,11,,,,,,,,,,,,,,,,,,,,,,,,,,,,,,,N,AO01,Y,,,,3,57,Y,,,,,Y,,,,,,,Y,,,Y,
150,45,9,,,,,,,,,,,,,,,,,,,,,,,,,N,AO02,Y,,,,,,,,,,3,71,Y,,,,,,Y,,,,,,,Y,,,
151,-1,,,,,,,,,,,,,,,,,,,,,,,,,,,,,,,,,,,,,,,,,,,,,,,,,,,,,,,,
152,-1,,,,,,,,,,,,,,,,,,,,,,,,,,,,,,,,,,,,,,,,,,,,,,,,,,,,,,,,
153,45,6,,,,,,,,,,,,,,,,Y,AO05,N,,,,,,,,,,,,,,,,,,,3,41,Y,,,,,Y,,,,,,,Y,,,Y,
154,45,7,,,,,,,,,,,,,,,,,,,Y,AO07,Y,,,,,,,,,,,,,,,,3,51,Y,,,,,,,,Y,,,,,Y,,,
155,31,10,,,,,,,,,,,,,,,,,,,,,,,,,,,,,,,,,,,,,,,,,,,,,,,,,,,,,,,
156,45,1,N,AO04,N,,,,,,,,,,,,,,,,,,,,,,,,,,,,,,,,,,3,70,Y,,,,,,,,Y,,,,Y,,,Y,
157,45,10,,,,,,,,,,,,,,,,,,,,,,,,,,,,N,AO05,N,,,,,,,3,65,,,Y,,,Y,,,,,,,,,,Y,
158,45,5,,,,,,,,,,,,,Y,AO07,Y,,,,,,,,,,,,,,,,,,,,,,3,41,Y,,,,,Y,,,,,,,Y,Y,,,
159,45,11,,,,,,,,,,,,,,,,,,,,,,,,,,,,,,,N,AO01,Y,,,,3,29,Y,,,,,,,,,,,,Y,,,Y,
160,45,10,,,,,,,,,,,,,,,,,,,,,,,,,,,,Y,AO06,N,,,,,,,3,70,,,Y,,,Y,,,,,,,,,,Y,
161,45,1,Y,AO04,Y,,,,,,,,,,,,,,,,,,,,,,,,,,,,,,,,,,3,27,Y,,,,,,,Y,,,,,,Y,,,
162,45,5,,,,,,,,,,,,,N,AO01,Y,,,,,,,,,,,,,,,,,,,,,,3,58,,,Y,,,,Y,,,,,,,,,,Y
163,45,9,,,,,,,,,,,,,,,,,,,,,,,,,Y,AO01,Y,,,,,,,,,,3,57,,,Y,,,Y,,,,,,,,,,Y,
164,45,11,,,,,,,,,,,,,,,,,,,,,,,,,,,,,,,N,AO01,N,,,,3,59,Y,,,,,Y,,,,,,,,,,Y,
165,45,1,Y,AO07,Y,,,,,,,,,,,,,,,,,,,,,,,,,,,,,,,,,,3,61,,,Y,,,Y,,,,,,,,Y,,,
166,45,7,,,,,,,,,,,,,,,,,,,Y,AO06,Y,,,,,,,,,,,,,,,,3,66,Y,,,,,,,Y,,,,,,,,Y,
167,45,11,,,,,,,,,,,,,,,,,,,,,,,,,,,,,,,Y,AO06,Y,,,,3,57,,,Y,,,,,Y,,,,,,Y,,,
168,18,5,,,,,,,,,,,,,N,AO03,,,,,,,,,,,,,,,,,,,,,,,,,,,,,,,,,,,,,,,,,
169,45,1,Y,AO02,Y,,,,,,,,,,,,,,,,,,,,,,,,,,,,,,,,,,3,54,Y,,,,,Y,,,,,,,,Y,,,
170,45,2,,,,Y,AO07,Y,,,,,,,,,,,,,,,,,,,,,,,,,,,,,,,3,52,,,Y,,,,Y,,,,,,,,,Y,
171,45,11,,,,,,,,,,,,,,,,,,,,,,,,,,,,,,,Y,AO06,N,,,,3,20,,,Y,,,,Y,,,,,,,Y,,,
172,45,9,,,,,,,,,,,,,,,,,,,,,,,,,Y,AO07,Y,,,,,,,,,,3,57,,,Y,,,,,Y,,,,,,,,Y,
173,45,3,,,,,,,N,AO01,Y,,,,,,,,,,,,,,,,,,,,,,,,,,,,3,70,,,Y,,,,,Y,,,,,,,,Y,
174,45,9,,,,,,,,,,,,,,,,,,,,,,,,,Y,AO07,Y,,,,,,,,,,3,19,Y,,,,,Y,,,,,,,,,,Y,
175,45,10,,,,,,,,,,,,,,,,,,,,,,,,,,,,Y,AO03,N,,,,,,,3,58,Y,,,,,Y,,,,,,,Y,,,Y,
176,45,5,,,,,,,,,,,,,Y,AO03,N,,,,,,,,,,,,,,,,,,,,,,3,44,,,Y,,,,,Y,,,,,,,,Y,
177,45,7,,,,,,,,,,,,,,,,,,,N,AO03,Y,,,,,,,,,,,,,,,,3,68,Y,,,,,,Y,,,,,,,,,Y,
178,45,6,,,,,,,,,,,,,,,,Y,AO07,Y,,,,,,,,,,,,,,,,,,,3,58,Y,,,,,Y,,,,,,,,,,Y,
179,45,1,N,AO04,Y,,,,,,,,,,,,,,,,,,,,,,,,,,,,,,,,,,3,66,Y,,,,,,Y,,,,,,,,,Y,
180,45,12,,,,,,,,,,,,,,,,,,,,,,,,,,,,,,,,,,N,AO03,N,3,70,Y,,,,,,,Y,,,,,,Y,,,
181,45,3,,,,,,,Y,AO03,Y,,,,,,,,,,,,,,,,,,,,,,,,,,,,3,38,,,Y,,,Y,,,,,,,Y,,,Y,
182,45,6,,,,,,,,,,,,,,,,N,AO03,N,,,,,,,,,,,,,,,,,,,3,40,,,Y,,,Y,,,,,,,Y,,,Y,
183,45,9,,,,,,,,,,,,,,,,,,,,,,,,,N,AO04,Y,,,,,,,,,,3,8,Y,,,,,,,Y,,,,,,,,Y,
184,41,10,,,,,,,,,,,,,,,,,,,,,,,,,,,,N,AO02,Y,,,,,,,1,,,,,,,,,,,,,,,,,,
185,31,10,,,,,,,,,,,,,,,,,,,,,,,,,,,,,,,,,,,,,,,,,,,,,,,,,,,,,,,
186,45,7,,,,,,,,,,,,,,,,,,,N,AO04,N,,,,,,,,,,,,,,,,3,58,,,Y,,,,Y,Y,,,,,,Y,,,
187,,,,,,,,,,,,,,,,,,,,,,,,,,,,,,,,,,,,,,,,,,,,,,,,,,,,,,,,,
188,45,8,,,,,,,,,,,,,,,,,,,,,,N,AO07,N,,,,,,,,,,,,,3,29,,,Y,,,Y,,,,,,,,,,Y,
189,41,12,,,,,,,,,,,,,,,,,,,,,,,,,,,,,,,,,,Y,AO05,Y,1,,,,,,,,,,,,,,,,,,
190,45,11,,,,,,,,,,,,,,,,,,,,,,,,,,,,,,,Y,AO07,Y,,,,3,59,,,Y,,,,,,,,,,Y,,,Y,
191,45,6,,,,,,,,,,,,,,,,N,AO05,N,,,,,,,,,,,,,,,,,,,3,67,Y,,,,,,,,,,,,Y,,,Y,
192,45,6,,,,,,,,,,,,,,,,N,AO05,Y,,,,,,,,,,,,,,,,,,,3,28,,,Y,,,,,Y,,,,,,Y,,,
193,45,4,,,,,,,,,,Y,AO03,Y,,,,,,,,,,,,,,,,,,,,,,,,,3,40,,,Y,,,Y,,,,,,,Y,,,Y,
194,45,5,,,,,,,,,,,,,Y,AO03,Y,,,,,,,,,,,,,,,,,,,,,,3,42,,,Y,,,Y,,,,,,,,Y,,,
195,45,9,,,,,,,,,,,,,,,,,,,,,,,,,Y,AO01,Y,,,,,,,,,,3,60,,,Y,,,,,Y,,,,,,,,Y,
196,45,5,,,,,,,,,,,,,Y,AO06,Y,,,,,,,,,,,,,,,,,,,,,,3,57,,,Y,,,,,Y,,,,,,Y,,,
197,45,5,,,,,,,,,,,,,Y,AO07,Y,,,,,,,,,,,,,,,,,,,,,,3,72,,,Y,,,,,Y,,,,,,Y,,,
198,45,11,,,,,,,,,,,,,,,,,,,,,,,,,,,,,,,N,AO03,Y,,,,3,61,,,Y,,,,,,,,,,Y,Y,,,
199,45,10,,,,,,,,,,,,,,,,,,,,,,,,,,,,Y,AO07,Y,,,,,,,3,40,Y,,,,,,,Y,,,,,,Y,,,
200,-1,,,,,,,,,,,,,,,,,,,,,,,,,,,,,,,,,,,,,,,,,,,,,,,,,,,,,,,,
201,45,3,,,,,,,Y,AO07,Y,,,,,,,,,,,,,,,,,,,,,,,,,,,,3,68,Y,,,,,,Y,,,,,,,Y,,,
202,45,7,,,,,,,,,,,,,,,,,,,Y,AO07,Y,,,,,,,,,,,,,,,,3,20,Y,,,,,,,Y,,,,,,,,Y,
203,45,9,,,,,,,,,,,,,,,,,,,,,,,,,Y,AO07,Y,,,,,,,,,,3,41,Y,,,,,,,Y,,,,,,Y,,,
204,45,5,,,,,,,,,,,,,N,AO01,Y,,,,,,,,,,,,,,,,,,,,,,3,55,Y,,,,,,,Y,,,,,,Y,,,
205,45,4,,,,,,,,,,Y,AO05,N,,,,,,,,,,,,,,,,,,,,,,,,,3,35,Y,,,,,Y,,,,,,,,,,Y,
206,45,1,Y,AO05,Y,,,,,,,,,,,,,,,,,,,,,,,,,,,,,,,,,,3,37,Y,,,,,Y,,,,,,,,,,Y,
207,45,11,,,,,,,,,,,,,,,,,,,,,,,,,,,,,,,Y,AO01,Y,,,,3,34,,,Y,,,,,Y,,,,,,,,Y,
208,45,2,,,,N,AO07,N,,,,,,,,,,,,,,,,,,,,,,,,,,,,,,,3,70,Y,,,,,Y,,,,,,,,,,Y,
209,45,12,,,,,,,,,,,,,,,,,,,,,,,,,,,,,,,,,,N,AO01,Y,3,55,Y,,,,,Y,,,,,,,,,,Y,
210,45,6,,,,,,,,,,,,,,,,N,AO07,N,,,,,,,,,,,,,,,,,,,3,60,Y,,,,,Y,,,,,,,,Y,,,
211,45,2,,,,N,AO03,Y,,,,,,,,,,,,,,,,,,,,,,,,,,,,,,,3,62,Y,,,,,Y,,,,,,,,,,Y,
212,45,6,,,,,,,,,,,,,,,,N,AO07,Y,,,,,,,,,,,,,,,,,,,3,72,,,Y,,,,Y,,,,,,Y,Y,,,
213,45,4,,,,,,,,,,Y,AO05,Y,,,,,,,,,,,,,,,,,,,,,,,,,3,71,Y,,,,,,,,,,,,Y,,,Y,
214,45,7,,,,,,,,,,,,,,,,,,,N,AO04,Y,,,,,,,,,,,,,,,,3,53,Y,,,,,Y,,,,,,,,,,Y,
215,45,3,,,,,,,N,AO03,Y,,,,,,,,,,,,,,,,,,,,,,,,,,,,3,67,,,Y,,,,Y,,,,,,,Y,,,
216,45,2,,,,Y,AO07,Y,,,,,,,,,,,,,,,,,,,,,,,,,,,,,,,3,45,Y,,,,,Y,,,,,,,,Y,,,
217,45,10,,,,,,,,,,,,,,,,,,,,,,,,,,,,Y,AO04,Y,,,,,,,3,65,Y,,,,,Y,,,,,,,Y,Y,,,
218,45,4,,,,,,,,,,N,AO05,Y,,,,,,,,,,,,,,,,,,,,,,,,,3,38,,,Y,,,,Y,Y,,,,,Y,,,Y,
219,45,7,,,,,,,,,,,,,,,,,,,Y,AO01,Y,,,,,,,,,,,,,,,,3,66,Y,,,,,Y,,,,,,,,,,Y,
220,45,2,,,,Y,AO07,Y,,,,,,,,,,,,,,,,,,,,,,,,,,,,,,,3,47,,,Y,,,,Y,,,,,,,,,Y,
221,45,2,,,,Y,AO07,Y,,,,,,,,,,,,,,,,,,,,,,,,,,,,,,,3,55,,,Y,,,Y,,,,,,,,,,,Y
222,45,9,,,,,,,,,,,,,,,,,,,,,,,,,N,AO06,N,,,,,,,,,,3,67,,,Y,,,Y,,,,,,,,,,Y,
223,-1,,,,,,,,,,,,,,,,,,,,,,,,,,,,,,,,,,,,,,,,,,,,,,,,,,,,,,,,
224,,,,,,,,,,,,,,,,,,,,,,,,,,,,,,,,,,,,,,,,,,,,,,,,,,,,,,,,,
225,45,3,,,,,,,Y,AO06,Y,,,,,,,,,,,,,,,,,,,,,,,,,,,,3,42,,,Y,,,,Y,Y,,,,,,Y,,,
226,45,10,,,,,,,,,,,,,,,,,,,,,,,,,,,,N,AO06,N,,,,,,,3,71,,,Y,,,Y,,,,,,,Y,,,Y,
227,45,3,,,,,,,Y,AO07,N,,,,,,,,,,,,,,,,,,,,,,,,,,,,3,39,,,Y,,,,,Y,,,,,,,,Y,
228,45,12,,,,,,,,,,,,,,,,,,,,,,,,,,,,,,,,,,Y,AO07,Y,3,55,,,Y,,,Y,,,,,,,,Y,,,
229,45,6,,,,,,,,,,,,,,,,N,AO04,N,,,,,,,,,,,,,,,,,,,3,45,Y,,,,,Y,,,,,,,,,,Y,
230,25,8,,,,,,,,,,,,,,,,,,,,,,,,,,,,,,,,,,,,,,,,,,,,,,,,,,,,,,,
231,45,4,,,,,,,,,,Y,AO01,Y,,,,,,,,,,,,,,,,,,,,,,,,,3,53,Y,,,,,,,,,,,,Y,,,Y,
232,45,12,,,,,,,,,,,,,,,,,,,,,,,,,,,,,,,,,,Y,AO04,N,3,64,,,Y,,,,,,,,,,Y,,,Y,
233,41,10,,,,,,,,,,,,,,,,,,,,,,,,,,,,N,AO04,N,,,,,,,1,,,,,,,,,,,,,,,,,,
234,45,5,,,,,,,,,,,,,Y,AO07,N,,,,,,,,,,,,,,,,,,,,,,3,41,Y,,,,,,,Y,,,,,,Y,,,
235,45,1,Y,AO04,Y,,,,,,,,,,,,,,,,,,,,,,,,,,,,,,,,,,3,56,Y,,,,,,,,,,,,Y,,,Y,
236,45,11,,,,,,,,,,,,,,,,,,,,,,,,,,,,,,,N,AO01,N,,,,3,59,Y,,,,,,Y,,,,,,,,,Y,
237,41,4,,,,,,,,,,N,AO02,N,,,,,,,,,,,,,,,,,,,,,,,,,2,,,,,,,,,,,,,,,,,,
238,45,1,Y,AO07,Y,,,,,,,,,,,,,,,,,,,,,,,,,,,,,,,,,,3,61,Y,,,,Y,,,,,,,,,,,Y,
239,45,5,,,,,,,,,,,,,Y,AO04,Y,,,,,,,,,,,,,,,,,,,,,,3,67,Y,,,,,Y,,,,,,,Y,,,Y,
240,45,5,,,,,,,,,,,,,Y,AO07,Y,,,,,,,,,,,,,,,,,,,,,,3,59,Y,,,,,Y,,,,,,,,,,Y,
241,45,9,,,,,,,,,,,,,,,,,,,,,,,,,N,AO04,N,,,,,,,,,,3,57,Y,,,,,,,,,,Y,,,,,Y,
242,45,1,N,AO02,N,,,,,,,,,,,,,,,,,,,,,,,,,,,,,,,,,,3,59,,,Y,,,Y,,,,,,,,,,Y,
243,45,12,,,,,,,,,,,,,,,,,,,,,,,,,,,,,,,,,,N,AO04,N,3,58,,,Y,,,Y,,,,,,,,,,Y,
244,45,4,,,,,,,,,,Y,AO06,Y,,,,,,,,,,,,,,,,,,,,,,,,,3,73,,,Y,,,Y,,,,,,,,,,Y,
245,45,8,,,,,,,,,,,,,,,,,,,,,,Y,AO07,Y,,,,,,,,,,,,,3,46,,,Y,,,Y,,,,,,,,Y,,,
246,45,3,,,,,,,N,AO07,N,,,,,,,,,,,,,,,,,,,,,,,,,,,,3,63,,,Y,,,Y,,,,,,,,Y,,,
247,45,5,,,,,,,,,,,,,N,AO07,N,,,,,,,,,,,,,,,,,,,,,,3,64,,,Y,,,Y,,,,,,,,,,Y,
248,45,8,,,,,,,,,,,,,,,,,,,,,,N,AO01,N,,,,,,,,,,,,,3,69,Y,,,,,,,,,,,,Y,,Y,,
249,45,12,,,,,,,,,,,,,,,,,,,,,,,,,,,,,,,,,,Y,AO06,Y,3,36,Y,,,,,,Y,,,,Y,,,,,Y,
250,41,6,,,,,,,,,,,,,,,,Y,AO07,Y,,,,,,,,,,,,,,,,,,,1,,,,,,,,,,,,,,,,,,
251,45,10,,,,,,,,,,,,,,,,,,,,,,,,,,,,N,AO03,Y,,,,,,,3,43,Y,,,,,,,Y,,,,,Y,,Y,,
252,45,1,N,AO07,Y,,,,,,,,,,,,,,,,,,,,,,,,,,,,,,,,,,3,62,Y,,,,,Y,,,,,,,,Y,,,
253,45,7,,,,,,,,,,,,,,,,,,,N,AO04,Y,,,,,,,,,,,,,,,,3,50,,,Y,,,Y,,,,,,,,,,Y,
254,45,7,,,,,,,,,,,,,,,,,,,N,AO04,Y,,,,,,,,,,,,,,,,3,60,Y,,,,,,Y,,,,,,Y,Y,,,
255,45,10,,,,,,,,,,,,,,,,,,,,,,,,,,,,N,AO07,Y,,,,,,,3,72,,,Y,,,,,Y,,,,,,,,Y,
256,45,5,,,,,,,,,,,,,Y,AO04,Y,,,,,,,,,,,,,,,,,,,,,,3,70,,,Y,,,,,Y,,,,,,Y,,,
257,45,9,,,,,,,,,,,,,,,,,,,,,,,,,Y,AO01,Y,,,,,,,,,,3,59,Y,,,,,,Y,,,,,,,,,Y,
258,45,6,,,,,,,,,,,,,,,,Y,AO07,Y,,,,,,,,,,,,,,,,,,,3,25,Y,,,,,,Y,,,,,,,,,Y,
259,45,7,,,,,,,,,,,,,,,,,,,Y,AO07,Y,,,,,,,,,,,,,,,,3,72,,,Y,,,Y,,,,,,,,Y,,,
260,45,7,,,,,,,,,,,,,,,,,,,Y,AO07,Y,,,,,,,,,,,,,,,,3,68,,,Y,,,Y,,,,,,,,Y,,,
261,45,1,Y,AO07,Y,,,,,,,,,,,,,,,,,,,,,,,,,,,,,,,,,,3,65,Y,,,,,,Y,,,,,,,Y,,,
262,45,4,,,,,,,,,,N,AO04,Y,,,,,,,,,,,,,,,,,,,,,,,,,3,58,,,Y,,,,Y,,,,,,,Y,,,
263,45,8,,,,,,,,,,,,,,,,,,,,,,N,AO02,N,,,,,,,,,,,,,3,62,Y,,,,,Y,,,,,,,,Y,,,
264,45,7,,,,,,,,,,,,,,,,,,,Y,AO07,Y,,,,,,,,,,,,,,,,3,38,,,Y,,,,,Y,,,,,,,,Y,
265,45,4,,,,,,,,,,Y,AO07,Y,,,,,,,,,,,,,,,,,,,,,,,,,3,31,,,Y,,,,,Y,,,,,,,,Y,
266,45,7,,,,,,,,,,,,,,,,,,,Y,AO07,Y,,,,,,,,,,,,,,,,3,36,Y,,,,,,,,,,,,Y,Y,,,
267,45,9,,,,,,,,,,,,,,,,,,,,,,,,,Y,AO02,Y,,,,,,,,,,3,25,Y,,,,,,,Y,,,,,,,,Y,
268,45,1,N,AO05,N,,,,,,,,,,,,,,,,,,,,,,,,,,,,,,,,,,3,58,,,Y,,,,,,,,,,Y,,,Y,
269,45,1,N,AO04,Y,,,,,,,,,,,,,,,,,,,,,,,,,,,,,,,,,,3,67,Y,,,,,Y,,,,,,,,,Y,,
270,45,3,,,,,,,Y,AO06,Y,,,,,,,,,,,,,,,,,,,,,,,,,,,,3,19,Y,,,,,,,Y,,,,,,,,Y,
271,45,1,Y,AO04,N,,,,,,,,,,,,,,,,,,,,,,,,,,,,,,,,,,3,31,Y,,,,,,,Y,,,,,,,,Y,
272,45,4,,,,,,,,,,N,AO04,N,,,,,,,,,,,,,,,,,,,,,,,,,3,65,Y,,,,,,Y,,,,,,,Y,,,
273,45,7,,,,,,,,,,,,,,,,,,,N,AO01,N,,,,,,,,,,,,,,,,3,44,,,,Y,,,,,Y,,,,,,,,Y
274,45,4,,,,,,,,,,N,AO01,N,,,,,,,,,,,,,,,,,,,,,,,,,3,49,,,Y,,,,,Y,,,,,,,,Y,
275,45,3,,,,,,,N,AO07,N,,,,,,,,,,,,,,,,,,,,,,,,,,,,3,60,,,Y,,,Y,,,,,,,,Y,,,
276,45,3,,,,,,,Y,AO06,Y,,,,,,,,,,,,,,,,,,,,,,,,,,,,3,64,Y,,,,,Y,,,,,,,,,,Y,
277,45,4,,,,,,,,,,Y,AO07,Y,,,,,,,,,,,,,,,,,,,,,,,,,3,39,,,Y,,,,,Y,,,,,,,Y,,
278,45,7,,,,,,,,,,,,,,,,,,,N,AO01,Y,,,,,,,,,,,,,,,,3,65,Y,,,,,,,Y,,,,,,,,Y,
279,45,2,,,,Y,AO07,Y,,,,,,,,,,,,,,,,,,,,,,,,,,,,,,,3,21,Y,,,,Y,,,Y,,,,,,,,Y,
280,45,11,,,,,,,,,,,,,,,,,,,,,,,,,,,,,,,N,AO05,N,,,,3,43,Y,,,,,,Y,,,,,,,Y,,,
281,45,5,,,,,,,,,,,,,Y,AO06,Y,,,,,,,,,,,,,,,,,,,,,,3,47,,,Y,,,,,Y,,,,,,,,Y,
282,45,3,,,,,,,Y,AO06,Y,,,,,,,,,,,,,,,,,,,,,,,,,,,,3,65,,,Y,,,Y,,,,,,,,,,Y,
283,45,9,,,,,,,,,,,,,,,,,,,,,,,,,N,AO04,Y,,,,,,,,,,3,59,,,Y,,,,,,,,,,Y,Y,,,
284,45,1,Y,AO03,Y,,,,,,,,,,,,,,,,,,,,,,,,,,,,,,,,,,3,66,Y,,,,,Y,,,,,,,Y,,,Y,
285,45,3,,,,,,,Y,AO03,N,,,,,,,,,,,,,,,,,,,,,,,,,,,,3,41,Y,,,,,,,,,Y,,,,,Y,,
286,45,5,,,,,,,,,,,,,Y,AO07,Y,,,,,,,,,,,,,,,,,,,,,,3,65,Y,,,,,Y,,,,,,,Y,Y,,,
287,45,11,,,,,,,,,,,,,,,,,,,,,,,,,,,,,,,N,AO07,Y,,,,3,36,,,Y,,,Y,,,,,,,,,,Y,
288,45,10,,,,,,,,,,,,,,,,,,,,,,,,,,,,N,AO07,N,,,,,,,3,73,,,Y,,,,,Y,,,,,,,,Y,
289,45,9,,,,,,,,,,,,,,,,,,,,,,,,,Y,AO05,Y,,,,,,,,,,3,58,,,Y,,,Y,,,,,,,,Y,,,
290,41,3,,,,,,,N,AO05,Y,,,,,,,,,,,,,,,,,,,,,,,,,,,,4,,,,,,,,,,,,,,,,,,
291,41,7,,,,,,,,,,,,,,,,,,,N,AO04,Y,,,,,,,,,,,,,,,,5,,,,,,,,,,,,,,,,,,
292,45,7,,,,,,,,,,,,,,,,,,,N,AO05,Y,,,,,,,,,,,,,,,,3,42,Y,,,,,,,Y,,,,,,Y,,,
293,45,11,,,,,,,,,,,,,,,,,,,,,,,,,,,,,,,Y,AO07,Y,,,,3,33,,,Y,,,,Y,,,,,,,Y,,,
294,41,10,,,,,,,,,,,,,,,,,,,,,,,,,,,,Y,AO07,Y,,,,,,,1,,,,,,,,,,,,,,,,,,
295,45,12,,,,,,,,,,,,,,,,,,,,,,,,,,,,,,,,,,Y,AO01,Y,3,67,,,Y,,,Y,,,,,,,Y,Y,,,
296,45,10,,,,,,,,,,,,,,,,,,,,,,,,,,,,Y,AO06,Y,,,,,,,3,68,,,Y,,,Y,,,,,,,,,,Y,
297,45,5,,,,,,,,,,,,,Y,AO06,Y,,,,,,,,,,,,,,,,,,,,,,3,61,,,Y,,,,,,,,,,Y,,,Y,
298,45,6,,,,,,,,,,,,,,,,Y,AO01,Y,,,,,,,,,,,,,,,,,,,3,53,,,Y,,,Y,,,,,,,,Y,,,
299,45,10,,,,,,,,,,,,,,,,,,,,,,,,,,,,Y,AO07,Y,,,,,,,3,33,,,Y,,,Y,,,,,,,,,Y,,
300,45,9,,,,,,,,,,,,,,,,,,,,,,,,,Y,AO07,N,,,,,,,,,,3,38,Y,,,,,,,Y,,,,,,,,Y,
301,,,,,,,,,,,,,,,,,,,,,,,,,,,,,,,,,,,,,,,,,,,,,,,,,,,,,,,,,
302,-1,,,,,,,,,,,,,,,,,,,,,,,,,,,,,,,,,,,,,,,,,,,,,,,,,,,,,,,,
303,45,9,,,,,,,,,,,,,,,,,,,,,,,,,N,AO03,N,,,,,,,,,,3,65,Y,,,,,,,,,,,,Y,Y,,,
304,45,6,,,,,,,,,,,,,,,,Y,AO06,Y,,,,,,,,,,,,,,,,,,,3,65,Y,,,,,,,,,,,,Y,,,Y,
305,45,7,,,,,,,,,,,,,,,,,,,Y,AO07,Y,,,,,,,,,,,,,,,,3,20,Y,,,,,,,,,,,Y,,Y,,,
306,45,11,,,,,,,,,,,,,,,,,,,,,,,,,,,,,,,Y,AO07,Y,,,,3,39,,,Y,,,,,,,,,,Y,,,Y,
307,45,4,,,,,,,,,,N,AO07,N,,,,,,,,,,,,,,,,,,,,,,,,,3,36,Y,,,,,,Y,,,,,,,Y,,,
308,45,6,,,,,,,,,,,,,,,,Y,AO07,Y,,,,,,,,,,,,,,,,,,,3,61,,,Y,,,,,Y,,,,,,,,Y,
309,45,1,Y,AO07,Y,,,,,,,,,,,,,,,,,,,,,,,,,,,,,,,,,,3,58,Y,,,,,Y,,,,,,,,Y,,,
310,45,6,,,,,,,,,,,,,,,,Y,AO05,Y,,,,,,,,,,,,,,,,,,,3,42,Y,,,,,,,,,,,,Y,Y,,,
311,41,12,,,,,,,,,,,,,,,,,,,,,,,,,,,,,,,,,,Y,AO03,N,5,,,,,,,,,,,,,,,,,,
312,45,8,,,,,,,,,,,,,,,,,,,,,,Y,AO07,Y,,,,,,,,,,,,,3,51,Y,,,,,Y,,,,,,,,,,Y,
313,45,1,Y,AO07,Y,,,,,,,,,,,,,,,,,,,,,,,,,,,,,,,,,,3,71,Y,,,,,Y,,,,,,,,,,Y,
314,45,2,,,,N,AO07,N,,,,,,,,,,,,,,,,,,,,,,,,,,,,,,,3,41,,,Y,,,,,Y,,,,,,,,Y,
315,45,7,,,,,,,,,,,,,,,,,,,Y,AO06,N,,,,,,,,,,,,,,,,3,30,Y,,,,,Y,,,,,,,,,,Y,
316,45,1,Y,AO07,Y,,,,,,,,,,,,,,,,,,,,,,,,,,,,,,,,,,3,32,Y,,,,,,Y,,,,,,,Y,,,
317,45,10,,,,,,,,,,,,,,,,,,,,,,,,,,,,N,AO05,N,,,,,,,3,54,,,Y,,,,Y,,,,,,,,,Y,
318,38,12,,,,,,,,,,,,,,,,,,,,,,,,,,,,,,,,,,N,,,,,,,,,,,,,,,,,,,,,
319,45,6,,,,,,,,,,,,,,,,N,AO05,N,,,,,,,,,,,,,,,,,,,3,33,,Y,,,,,,Y,,,,,,Y,,,
320,45,5,,,,,,,,,,,,,Y,AO07,N,,,,,,,,,,,,,,,,,,,,,,3,51,,,Y,,,,Y,,,,,,,Y,,,
321,41,7,,,,,,,,,,,,,,,,,,,Y,AO01,Y,,,,,,,,,,,,,,,,2,,,,,,,,,,,,,,,,,,
322,45,1,N,AO06,Y,,,,,,,,,,,,,,,,,,,,,,,,,,,,,,,,,,3,37,Y,,,,,Y,,,,,,,Y,,,Y,
323,45,2,,,,N,AO07,Y,,,,,,,,,,,,,,,,,,,,,,,,,,,,,,,3,66,,,Y,,,,,Y,,,,,,,,Y,
324,45,8,,,,,,,,,,,,,,,,,,,,,,N,AO07,Y,,,,,,,,,,,,,3,43,,,Y,,,,Y,,,,,,,,,Y,
325,45,8,,,,,,,,,,,,,,,,,,,,,,Y,AO04,N,,,,,,,,,,,,,3,58,Y,,,,,Y,,,,,,,,,,Y,
326,45,7,,,,,,,,,,,,,,,,,,,Y,AO05,Y,,,,,,,,,,,,,,,,3,70,,,Y,,,,,Y,,,,,,,,Y,
327,45,7,,,,,,,,,,,,,,,,,,,Y,AO07,Y,,,,,,,,,,,,,,,,3,18,,,Y,,,Y,,,,,,,,,,,Y
328,45,5,,,,,,,,,,,,,N,AO03,N,,,,,,,,,,,,,,,,,,,,,,3,43,Y,,,,,,Y,,,,,,,Y,,,
329,45,5,,,,,,,,,,,,,N,AO03,Y,,,,,,,,,,,,,,,,,,,,,,3,65,Y,,,,,,Y,Y,,,,,,,,Y,
330,45,10,,,,,,,,,,,,,,,,,,,,,,,,,,,,Y,AO03,Y,,,,,,,3,51,,,Y,,,,Y,,,,,,,Y,,,
331,45,3,,,,,,,N,AO03,Y,,,,,,,,,,,,,,,,,,,,,,,,,,,,3,21,Y,,,,,,Y,,,,,,,Y,,,
332,45,4,,,,,,,,,,N,AO01,Y,,,,,,,,,,,,,,,,,,,,,,,,,3,60,Y,,,,,Y,,,,,,,,,,Y,
333,45,4,,,,,,,,,,Y,AO06,Y,,,,,,,,,,,,,,,,,,,,,,,,,3,59,Y,,,,,,,,,,Y,,,Y,,,
334,8,2,,,,N,,,,,,,,,,,,,,,,,,,,,,,,,,,,,,,,,,,,,,,,,,,,,,,,,,,
335,45,6,,,,,,,,,,,,,,,,Y,AO02,Y,,,,,,,,,,,,,,,,,,,3,66,Y,,,,,Y,,,,,,,,Y,,,
336,45,1,Y,AO04,N,,,,,,,,,,,,,,,,,,,,,,,,,,,,,,,,,,3,29,Y,,,,,,,Y,,,,,Y,Y,,,
337,45,11,,,,,,,,,,,,,,,,,,,,,,,,,,,,,,,Y,AO07,Y,,,,3,41,,,Y,,,,,Y,,,,,,Y,,,
338,45,12,,,,,,,,,,,,,,,,,,,,,,,,,,,,,,,,,,N,AO03,N,3,54,Y,,,,,Y,,,,,,,,,,Y,
339,45,2,,,,Y,AO06,Y,,,,,,,,,,,,,,,,,,,,,,,,,,,,,,,3,66,Y,,,,,,,,,,,,Y,Y,,,
340,45,9,,,,,,,,,,,,,,,,,,,,,,,,,Y,AO03,Y,,,,,,,,,,3,58,Y,,,,,Y,,,,,,,,Y,,,
341,45,3,,,,,,,N,AO04,Y,,,,,,,,,,,,,,,,,,,,,,,,,,,,3,50,,,Y,,,,Y,,,,,,,,,Y,
342,45,9,,,,,,,,,,,,,,,,,,,,,,,,,N,AO04,Y,,,,,,,,,,3,69,,,Y,,,,,Y,,,,,,,,Y,
343,-1,,,,,,,,,,,,,,,,,,,,,,,,,,,,,,,,,,,,,,,,,,,,,,,,,,,,,,,,
344,-1,,,,,,,,,,,,,,,,,,,,,,,,,,,,,,,,,,,,,,,,,,,,,,,,,,,,,,,,
345,45,4,,,,,,,,,,N,AO04,Y,,,,,,,,,,,,,,,,,,,,,,,,,3,59,,,Y,,,,,,,,,,Y,Y,,,
346,45,7,,,,,,,,,,,,,,,,,,,Y,AO04,Y,,,,,,,,,,,,,,,,3,38,Y,,,,,,,Y,,,,,,,,Y,
347,45,7,,,,,,,,,,,,,,,,,,,N,AO06,N,,,,,,,,,,,,,,,,3,63,Y,,,,,,,,,,,,Y,,,Y,
348,45,2,,,,Y,AO04,Y,,,,,,,,,,,,,,,,,,,,,,,,,,,,,,,3,47,,,Y,,,,Y,,,,,,,,,Y,
349,45,12,,,,,,,,,,,,,,,,,,,,,,,,,,,,,,,,,,N,AO04,N,3,51,,,Y,,,Y,,,,,,,Y,,,Y,
350,22,7,,,,,,,,,,,,,,,,,,,,,,,,,,,,,,,,,,,,,,,,,,,,,,,,,,,,,,,
351,45,6,,,,,,,,,,,,,,,,Y,AO04,Y,,,,,,,,,,,,,,,,,,,3,29,Y,,,,,,,,,,Y,,,Y,,,
352,-1,,,,,,,,,,,,,,,,,,,,,,,,,,,,,,,,,,,,,,,,,,,,,,,,,,,,,,,,
353,45,11,,,,,,,,,,,,,,,,,,,,,,,,,,,,,,,N,AO05,Y,,,,3,54,Y,,,,,,Y,,,,,,,Y,,,
354,45,4,,,,,,,,,,Y,AO07,Y,,,,,,,,,,,,,,,,,,,,,,,,,3,57,,,Y,,,Y,,,,,,,,,,Y,
355,45,4,,,,,,,,,,N,AO04,N,,,,,,,,,,,,,,,,,,,,,,,,,3,46,Y,,,,,,,,,,,,Y,Y,,,
356,41,6,,,,,,,,,,,,,,,,Y,AO04,Y,,,,,,,,,,,,,,,,,,,1,,,,,,,,,,,,,,,,,,
357,45,10,,,,,,,,,,,,,,,,,,,,,,,,,,,,N,AO04,Y,,,,,,,3,53,,,Y,,,,,Y,,,,,,,,Y,
358,45,4,,,,,,,,,,N,AO05,Y,,,,,,,,,,,,,,,,,,,,,,,,,3,44,,,Y,,,Y,,,,,,,,,,Y,
359,45,6,,,,,,,,,,,,,,,,N,AO03,Y,,,,,,,,,,,,,,,,,,,3,43,,,Y,,,,Y,,,,,,,,,Y,
360,45,9,,,,,,,,,,,,,,,,,,,,,,,,,N,AO06,N,,,,,,,,,,3,42,,,Y,,,,Y,,,,,,,,,,Y
361,45,11,,,,,,,,,,,,,,,,,,,,,,,,,,,,,,,N,AO02,N,,,,3,42,,,Y,,,,,Y,,,,,,,Y,,
362,45,10,,,,,,,,,,,,,,,,,,,,,,,,,,,,Y,AO07,Y,,,,,,,3,41,Y,,,,,,,Y,,,,,,Y,,,
363,45,7,,,,,,,,,,,,,,,,,,,Y,AO05,Y,,,,,,,,,,,,,,,,3,61,Y,,,,,,Y,,,,,,,,,Y,
364,45,4,,,,,,,,,,Y,AO01,Y,,,,,,,,,,,,,,,,,,,,,,,,,3,47,,,Y,,,Y,,,,,,,Y,,,Y,
365,45,5,,,,,,,,,,,,,Y,AO04,Y,,,,,,,,,,,,,,,,,,,,,,3,58,,,Y,,,,Y,,,,,,,Y,,,
366,41,6,,,,,,,,,,,,,,,,Y,AO06,Y,,,,,,,,,,,,,,,,,,,1,,,,,,,,,,,,,,,,,,
367,45,8,,,,,,,,,,,,,,,,,,,,,,Y,AO03,Y,,,,,,,,,,,,,3,71,Y,,,,,Y,,,,,,,,Y,,,
368,45,10,,,,,,,,,,,,,,,,,,,,,,,,,,,,Y,AO07,Y,,,,,,,3,71,Y,,,,,,,,,,,,Y,,,Y,
369,45,7,,,,,,,,,,,,,,,,,,,Y,AO04,Y,,,,,,,,,,,,,,,,3,73,Y,,,,,Y,,,,,,,,,,Y,
370,45,10,,,,,,,,,,,,,,,,,,,,,,,,,,,,Y,AO07,Y,,,,,,,3,59,Y,,,,,,,,,,,,Y,,,Y,
371,45,5,,,,,,,,,,,,,Y,AO07,Y,,,,,,,,,,,,,,,,,,,,,,3,60,Y,,,,,,Y,,,,,,,,,Y,
372,45,5,,,,,,,,,,,,,Y,AO02,Y,,,,,,,,,,,,,,,,,,,,,,3,34,,,Y,,,,,,,,,,Y,Y,,,
373,41,5,,,,,,,,,,,,,N,AO04,Y,,,,,,,,,,,,,,,,,,,,,,2,,,,,,,,,,,,,,,,,,
374,45,12,,,,,,,,,,,,,,,,,,,,,,,,,,,,,,,,,,N,AO05,Y,3,63,,,Y,,,,Y,,,,,,,,,Y,
375,28,9,,,,,,,,,,,,,,,,,,,,,,,,,,,,,,,,,,,,,,,,,,,,,,,,,,,,,,,
376,45,3,,,,,,,Y,AO07,Y,,,,,,,,,,,,,,,,,,,,,,,,,,,,3,37,Y,,,,,,,,,,,,Y,Y,,,
377,45,10,,,,,,,,,,,,,,,,,,,,,,,,,,,,N,AO04,Y,,,,,,,3,60,,,Y,,,,Y,,,,,,,,,Y,
378,45,3,,,,,,,N,AO02,Y,,,,,,,,,,,,,,,,,,,,,,,,,,,,3,66,,,Y,,,,,Y,,,,,,Y,,,
379,45,9,,,,,,,,,,,,,,,,,,,,,,,,,N,AO02,N,,,,,,,,,,3,62,,,Y,,,,Y,,,,,,,,,Y,
380,45,12,,,,,,,,,,,,,,,,,,,,,,,,,,,,,,,,,,N,AO03,Y,3,38,Y,,,,,,Y,,,,,,Y,,,Y,
381,45,9,,,,,,,,,,,,,,,,,,,,,,,,,N,AO07,N,,,,,,,,,,3,57,,,Y,,,Y,,,,,,,,,,Y,
382,45,4,,,,,,,,,,Y,AO06,Y,,,,,,,,,,,,,,,,,,,,,,,,,3,31,Y,,,,,,,,,,Y,,Y,Y,,,
383,45,2,,,,Y,AO07,Y,,,,,,,,,,,,,,,,,,,,,,,,,,,,,,,3,63,Y,,,,,Y,,,,,,,,,,Y,
384,41,1,Y,AO03,N,,,,,,,,,,,,,,,,,,,,,,,,,,,,,,,,,,1,,,,,,,,,,,,,,,,,,
385,41,6,,,,,,,,,,,,,,,,N,AO01,N,,,,,,,,,,,,,,,,,,,1,,,,,,,,,,,,,,,,,,
386,45,1,N,AO01,Y,,,,,,,,,,,,,,,,,,,,,,,,,,,,,,,,,,3,35,,,Y,,,,,,,,Y,,,Y,Y,,
387,45,11,,,,,,,,,,,,,,,,,,,,,,,,,,,,,,,Y,AO06,N,,,,3,70,Y,,,,,,,,,,,,Y,,,Y,
388,45,4,,,,,,,,,,Y,AO04,Y,,,,,,,,,,,,,,,,,,,,,,,,,3,69,Y,,,,,,,,,,,,Y,Y,,,
389,45,3,,,,,,,N,AO05,N,,,,,,,,,,,,,,,,,,,,,,,,,,,,3,26,,,Y,,,,,Y,,,,,,,Y,,
390,45,12,,,,,,,,,,,,,,,,,,,,,,,,,,,,,,,,,,N,AO03,Y,3,41,,,Y,,,,Y,,,,,,Y,Y,,,
391,45,6,,,,,,,,,,,,,,,,N,AO06,Y,,,,,,,,,,,,,,,,,,,3,58,Y,,,,,,Y,,,,,,,,Y,,
392,45,2,,,,Y,AO07,Y,,,,,,,,,,,,,,,,,,,,,,,,,,,,,,,3,67,Y,,,,,Y,,,,,,,,,,Y,
393,45,5,,,,,,,,,,,,,Y,AO07,Y,,,,,,,,,,,,,,,,,,,,,,3,67,,,Y,,,,Y,,,,,,,,,Y,
394,45,12,,,,,,,,,,,,,,,,,,,,,,,,,,,,,,,,,,N,AO04,N,3,32,,,Y,,,,,,Y,,,,,,,Y,
395,45,11,,,,,,,,,,,,,,,,,,,,,,,,,,,,,,,Y,AO05,Y,,,,3,55,,,Y,,,,,Y,,,,,,,Y,,
396,45,5,,,,,,,,,,,,,N,AO07,N,,,,,,,,,,,,,,,,,,,,,,3,38,Y,,,,,Y,,,,,,,,,,Y,
397,7,2,,,,,,,,,,,,,,,,,,,,,,,,,,,,,,,,,,,,,,,,,,,,,,,,,,,,,,,
398,45,3,,,,,,,Y,AO06,Y,,,,,,,,,,,,,,,,,,,,,,,,,,,,3,58,,,Y,,,,Y,,,,,,,,,Y,
399,45,12,,,,,,,,,,,,,,,,,,,,,,,,,,,,,,,,,,Y,AO07,Y,3,59,,,Y,,,Y,,,,,,,Y,,,Y,
400,45,8,,,,,,,,,,,,,,,,,,,,,,Y,AO05,Y,,,,,,,,,,,,,3,33,,,Y,,,,,,,,,,Y,Y,,,
401,45,7,,,,,,,,,,,,,,,,,,,Y,AO04,Y,,,,,,,,,,,,,,,,3,39,,,Y,,,,,Y,,,,,,Y,,,
402,45,1,N,AO05,N,,,,,,,,,,,,,,,,,,,,,,,,,,,,,,,,,,3,48,,,Y,,,Y,,,,,,,,,,Y,
403,45,3,,,,,,,N,AO03,N,,,,,,,,,,,,,,,,,,,,,,,,,,,,3,56,Y,,,,,,,Y,,,,,,,Y,,
404,45,4,,,,,,,,,,N,AO04,N,,,,,,,,,,,,,,,,,,,,,,,,,3,67,,,Y,,,,,,Y,,,,Y,,,Y,
405,45,7,,,,,,,,,,,,,,,,,,,Y,AO07,Y,,,,,,,,,,,,,,,,3,62,,,Y,,,,,Y,,,,,,Y,,,
406,45,9,,,,,,,,,,,,,,,,,,,,,,,,,Y,AO07,Y,,,,,,,,,,3,62,Y,,,,,,,Y,,,,,,Y,,,
407,45,2,,,,N,AO04,Y,,,,,,,,,,,,,,,,,,,,,,,,,,,,,,,3,41,Y,,,,,,Y,,,,,,,Y,,,
408,45,9,,,,,,,,,,,,,,,,,,,,,,,,,Y,AO05,N,,,,,,,,,,3,41,,,Y,,,Y,,,,,,,,,,Y,
409,45,12,,,,,,,,,,,,,,,,,,,,,,,,,,,,,,,,,,N,AO04,Y,3,56,Y,,,,,Y,,,,,,,Y,Y,,,
410,-1,,,,,,,,,,,,,,,,,,,,,,,,,,,,,,,,,,,,,,,,,,,,,,,,,,,,,,,,
411,45,12,,,,,,,,,,,,,,,,,,,,,,,,,,,,,,,,,,Y,AO06,Y,3,67,Y,,,,,,,Y,,,,,,,,Y,
412,45,1,Y,AO05,Y,,,,,,,,,,,,,,,,,,,,,,,,,,,,,,,,,,3,37,Y,,,,,Y,,,,,,,,Y,,,
413,16,5,,,,,,,,,,,,,,,,,,,,,,,,,,,,,,,,,,,,,,,,,,,,,,,,,,,,,,,
414,45,4,,,,,,,,,,Y,AO07,Y,,,,,,,,,,,,,,,,,,,,,,,,,3,51,Y,,,,,Y,,,,,,,,,,,Y
415,45,5,,,,,,,,,,,,,Y,AO04,N,,,,,,,,,,,,,,,,,,,,,,3,35,Y,,,,,,,,,,Y,,,,,Y,
416,-1,,,,,,,,,,,,,,,,,,,,,,,,,,,,,,,,,,,,,,,,,,,,,,,,,,,,,,,,
417,45,8,,,,,,,,,,,,,,,,,,,,,,Y,AO04,Y,,,,,,,,,,,,,3,27,Y,,,,,Y,,,,,,,,Y,,,
418,45,1,N,AO04,Y,,,,,,,,,,,,,,,,,,,,,,,,,,,,,,,,,,3,54,Y,,,,,Y,,,,,,,,,,Y,
419,45,10,,,,,,,,,,,,,,,,,,,,,,,,,,,,N,AO06,N,,,,,,,3,68,Y,,,,,,,,,,,,Y,,,Y,
420,45,3,,,,,,,N,AO03,N,,,,,,,,,,,,,,,,,,,,,,,,,,,,3,31,,,Y,,,,,Y,,,,,,,,Y,
421,45,5,,,,,,,,,,,,,N,AO01,Y,,,,,,,,,,,,,,,,,,,,,,3,42,Y,,,,,,Y,,,,,,,,,Y,
422,45,9,,,,,,,,,,,,,,,,,,,,,,,,,N,AO04,Y,,,,,,,,,,3,51,,,Y,,,Y,,,,,,Y,,,,Y,
423,45,8,,,,,,,,,,,,,,,,,,,,,,N,AO04,N,,,,,,,,,,,,,3,48,,,Y,,,,Y,,,,,,,,,Y,
424,45,3,,,,,,,N,AO01,N,,,,,,,,,,,,,,,,,,,,,,,,,,,,3,62,Y,,,,,,,,,,,,Y,,,Y,
425,45,5,,,,,,,,,,,,,N,AO04,N,,,,,,,,,,,,,,,,,,,,,,3,38,Y,,,,,,,,,,,,Y,,,Y,
426,45,5,,,,,,,,,,,,,Y,AO06,Y,,,,,,,,,,,,,,,,,,,,,,3,61,,,Y,,,,Y,,,,,,,,,Y,
427,45,8,,,,,,,,,,,,,,,,,,,,,,N,AO06,Y,,,,,,,,,,,,,3,36,Y,,,,,Y,,,,,,,Y,,,Y,
428,45,12,,,,,,,,,,,,,,,,,,,,,,,,,,,,,,,,,,N,AO07,Y,3,70,,,Y,,,Y,,,,,,,,,,Y,
429,45,2,,,,Y,AO04,Y,,,,,,,,,,,,,,,,,,,,,,,,,,,,,,,3,56,Y,,,,,Y,,,,,,,,,,,Y
430,45,6,,,,,,,,,,,,,,,,N,AO07,N,,,,,,,,,,,,,,,,,,,3,58,Y,,,,,Y,,,,,,,,,,Y,
431,45,3,,,,,,,N,AO04,N,,,,,,,,,,,,,,,,,,,,,,,,,,,,3,53,Y,,,,,,,,,,,,Y,Y,,,
432,45,11,,,,,,,,,,,,,,,,,,,,,,,,,,,,,,,Y,AO06,Y,,,,3,49,Y,,,,,,,,,,,,Y,Y,Y,,
433,45,9,,,,,,,,,,,,,,,,,,,,,,,,,N,AO06,N,,,,,,,,,,3,44,Y,,,,,,,Y,,,,,,Y,,,
434,45,12,,,,,,,,,,,,,,,,,,,,,,,,,,,,,,,,,,N,AO04,N,3,48,,,Y,,,,Y,,,,,,,,,Y,
435,45,1,Y,AO07,Y,,,,,,,,,,,,,,,,,,,,,,,,,,,,,,,,,,3,19,Y,,,,,,Y,,,,,,,,,Y,
436,41,7,,,,,,,,,,,,,,,,,,,Y,AO03,Y,,,,,,,,,,,,,,,,1,,,,,,,,,,,,,,,,,,
437,45,11,,,,,,,,,,,,,,,,,,,,,,,,,,,,,,,N,AO05,Y,,,,3,51,,,Y,,,,,Y,,,,,,,,Y,
438,45,7,,,,,,,,,,,,,,,,,,,Y,AO05,Y,,,,,,,,,,,,,,,,3,43,Y,,,,,,,Y,,,,,,Y,,,
439,45,4,,,,,,,,,,Y,AO06,Y,,,,,,,,,,,,,,,,,,,,,,,,,3,30,Y,,,,,Y,,,,,,,,,,Y,
440,45,9,,,,,,,,,,,,,,,,,,,,,,,,,Y,AO03,Y,,,,,,,,,,3,26,Y,,,,,,,Y,,,,,,,,Y,
441,45,7,,,,,,,,,,,,,,,,,,,Y,AO07,N,,,,,,,,,,,,,,,,3,52,,,Y,,,Y,,,,,,,,,,Y,
442,45,4,,,,,,,,,,Y,AO05,Y,,,,,,,,,,,,,,,,,,,,,,,,,3,25,,,Y,,,,,,,,Y,,,Y,,,
443,45,5,,,,,,,,,,,,,N,AO06,Y,,,,,,,,,,,,,,,,,,,,,,3,60,Y,,,,,Y,,,,,,,,,,Y,
444,45,3,,,,,,,Y,AO01,Y,,,,,,,,,,,,,,,,,,,,,,,,,,,,3,21,,,Y,,,,,,,,Y,,,Y,,,
445,45,1,N,AO01,N,,,,,,,,,,,,,,,,,,,,,,,,,,,,,,,,,,3,26,Y,,,,,Y,,,,,,,,Y,,,
446,45,8,,,,,,,,,,,,,,,,,,,,,,N,AO07,Y,,,,,,,,,,,,,3,42,Y,,,,,,,Y,,,,,,,,Y,
447,45,12,,,,,,,,,,,,,,,,,,,,,,,,,,,,,,,,,,Y,AO05,Y,3,44,Y,,,,,,,Y,,,,,Y,,,Y,
448,45,7,,,,,,,,,,,,,,,,,,,Y,AO04,Y,,,,,,,,,,,,,,,,3,73,,,Y,,,,Y,,,,,,,,Y,,
449,45,2,,,,N,AO03,N,,,,,,,,,,,,,,,,,,,,,,,,,,,,,,,3,70,Y,,,,,,,Y,,,,,,,,Y,
450,45,10,,,,,,,,,,,,,,,,,,,,,,,,,,,,Y,AO07,Y,,,,,,,3,29,Y,,,,,Y,,,,,,,,,,,Y
451,45,5,,,,,,,,,,,,,Y,AO05,Y,,,,,,,,,,,,,,,,,,,,,,3,42,,,Y,,,,,Y,,,,,,Y,,,
452,-1,,,,,,,,,,,,,,,,,,,,,,,,,,,,,,,,,,,,,,,,,,,,,,,,,,,,,,,,
453,45,12,,,,,,,,,,,,,,,,,,,,,,,,,,,,,,,,,,N,AO04,Y,3,38,,,Y,,,,,,,,Y,,,Y,,,
454,45,7,,,,,,,,,,,,,,,,,,,Y,AO05,Y,,,,,,,,,,,,,,,,3,62,Y,,,,,,,,,,,,Y,,,Y,
455,45,11,,,,,,,,,,,,,,,,,,,,,,,,,,,,,,,N,AO07,N,,,,3,55,,,Y,,,Y,,,,,,,,,,Y,
456,45,9,,,,,,,,,,,,,,,,,,,,,,,,,N,AO04,N,,,,,,,,,,3,57,Y,,,,,,Y,,,,,,,,,Y,
457,45,3,,,,,,,Y,AO07,Y,,,,,,,,,,,,,,,,,,,,,,,,,,,,3,42,,,Y,,,Y,,,,,,,,Y,,,
458,45,1,N,AO05,N,,,,,,,,,,,,,,,,,,,,,,,,,,,,,,,,,,3,45,,,Y,,,,Y,,,,,,,Y,,,
459,45,4,,,,,,,,,,Y,AO02,Y,,,,,,,,,,,,,,,,,,,,,,,,,3,64,,,Y,,,,,Y,,,,,,,,,Y
460,45,11,,,,,,,,,,,,,,,,,,,,,,,,,,,,,,,N,AO01,N,,,,3,37,,,Y,,,Y,,,,,,,,,,Y,
461,39,12,,,,,,,,,,,,,,,,,,,,,,,,,,,,,,,,,,N,AO04,,,,,,,,,,,,,,,,,,,,
462,45,8,,,,,,,,,,,,,,,,,,,,,,Y,AO05,Y,,,,,,,,,,,,,3,38,Y,,,,,,,Y,,,,,,Y,,,
463,45,9,,,,,,,,,,,,,,,,,,,,,,,,,N,AO05,Y,,,,,,,,,,3,62,Y,,,,,Y,,,,,,,,,,Y,
464,16,5,,,,,,,,,,,,,,,,,,,,,,,,,,,,,,,,,,,,,,,,,,,,,,,,,,,,,,,
465,41,6,,,,,,,,,,,,,,,,N,AO01,N,,,,,,,,,,,,,,,,,,,1,,,,,,,,,,,,,,,,,,
466,-1,,,,,,,,,,,,,,,,,,,,,,,,,,,,,,,,,,,,,,,,,,,,,,,,,,,,,,,,
467,45,2,,,,N,AO02,Y,,,,,,,,,,,,,,,,,,,,,,,,,,,,,,,3,31,,,Y,,,Y,,,,,,,,,,Y,
468,45,2,,,,Y,AO06,Y,,,,,,,,,,,,,,,,,,,,,,,,,,,,,,,3,67,,,Y,,,,,Y,,,,,,,,Y,
469,45,1,Y,AO04,Y,,,,,,,,,,,,,,,,,,,,,,,,,,,,,,,,,,3,54,,,Y,,,,,,,,,,Y,Y,,,
470,45,10,,,,,,,,,,,,,,,,,,,,,,,,,,,,Y,AO04,Y,,,,,,,3,69,Y,,,,,Y,,,,,,,,,,Y,
471,20,6,,,,,,,,,,,,,,,,N,,,,,,,,,,,,,,,,,,,,,,,,,,,,,,,,,,,,,,,
472,45,9,,,,,,,,,,,,,,,,,,,,,,,,,N,AO03,N,,,,,,,,,,3,33,,,Y,,,,Y,,,,,,,,,Y,
473,45,10,,,,,,,,,,,,,,,,,,,,,,,,,,,,Y,AO03,N,,,,,,,3,38,,,Y,,,Y,,,,,,,,Y,,,
474,45,1,Y,AO01,Y,,,,,,,,,,,,,,,,,,,,,,,,,,,,,,,,,,3,58,Y,,,,,Y,,,,,,,Y,Y,,,
475,45,3,,,,,,,Y,AO07,Y,,,,,,,,,,,,,,,,,,,,,,,,,,,,3,67,,,Y,,,,,Y,,,,,,Y,,,
476,41,6,,,,,,,,,,,,,,,,N,AO04,N,,,,,,,,,,,,,,,,,,,2,,,,,,,,,,,,,,,,,,
477,45,8,,,,,,,,,,,,,,,,,,,,,,Y,AO07,Y,,,,,,,,,,,,,3,19,Y,,,,,,,Y,,,,,,Y,,,
478,45,8,,,,,,,,,,,,,,,,,,,,,,Y,AO06,Y,,,,,,,,,,,,,3,51,,,Y,,,,,,,,,,Y,,,Y,
479,45,5,,,,,,,,,,,,,N,AO05,N,,,,,,,,,,,,,,,,,,,,,,3,43,,,Y,,,Y,,,,,,,Y,,,,Y
480,45,9,,,,,,,,,,,,,,,,,,,,,,,,,Y,AO07,Y,,,,,,,,,,3,32,Y,,,,,Y,,,,,,,,Y,,,
481,-1,,,,,,,,,,,,,,,,,,,,,,,,,,,,,,,,,,,,,,,,,,,,,,,,,,,,,,,,
482,45,12,,,,,,,,,,,,,,,,,,,,,,,,,,,,,,,,,,Y,AO06,Y,3,27,,,Y,,,,,,Y,,,,,Y,,,
483,45,11,,,,,,,,,,,,,,,,,,,,,,,,,,,,,,,Y,AO04,N,,,,3,28,,,Y,,,Y,,,,,,,,Y,,,
484,45,7,,,,,,,,,,,,,,,,,,,Y,AO04,N,,,,,,,,,,,,,,,,3,51,Y,,,,,,,,,,,,Y,Y,,,
485,45,12,,,,,,,,,,,,,,,,,,,,,,,,,,,,,,,,,,Y,AO05,Y,3,52,Y,,,,,Y,,,,,,,Y,Y,,,
486,-1,,,,,,,,,,,,,,,,,,,,,,,,,,,,,,,,,,,,,,,,,,,,,,,,,,,,,,,,
487,45,9,,,,,,,,,,,,,,,,,,,,,,,,,Y,AO02,Y,,,,,,,,,,3,70,,,Y,,,,,Y,,,,,,Y,,,
488,45,5,,,,,,,,,,,,,Y,AO07,Y,,,,,,,,,,,,,,,,,,,,,,3,50,Y,,,,,,,,,,,,Y,,,Y,
489,45,8,,,,,,,,,,,,,,,,,,,,,,Y,AO01,Y,,,,,,,,,,,,,3,56,,,Y,,,Y,,,,,,,,,,Y,
490,45,10,,,,,,,,,,,,,,,,,,,,,,,,,,,,Y,AO07,Y,,,,,,,3,27,,,Y,,,,,,,,Y,,,,,Y,
491,45,8,,,,,,,,,,,,,,,,,,,,,,Y,AO07,Y,,,,,,,,,,,,,3,51,Y,,,,,,,Y,,,,,,Y,,,
492,45,11,,,,,,,,,,,,,,,,,,,,,,,,,,,,,,,N,AO04,Y,,,,3,35,,,Y,,,,,Y,,,,,,Y,,,
493,45,8,,,,,,,,,,,,,,,,,,,,,,Y,AO05,N,,,,,,,,,,,,,3,55,,,Y,,,,,,,,,,Y,,,Y,
494,45,5,,,,,,,,,,,,,Y,AO03,Y,,,,,,,,,,,,,,,,,,,,,,3,46,,,Y,,,,,,,,,,Y,,,,Y
495,45,12,,,,,,,,,,,,,,,,,,,,,,,,,,,,,,,,,,N,AO02,N,3,41,Y,,,,,Y,,,,,,,,Y,,,
496,45,6,,,,,,,,,,,,,,,,N,AO03,Y,,,,,,,,,,,,,,,,,,,3,69,,,Y,,,,Y,,,,,,Y,Y,,,
497,45,4,,,,,,,,,,Y,AO06,Y,,,,,,,,,,,,,,,,,,,,,,,,,3,35,,,Y,,,,Y,,,,,,,,Y,,
498,45,6,,,,,,,,,,,,,,,,N,AO04,Y,,,,,,,,,,,,,,,,,,,3,70,,,Y,,,Y,,,,,,,,,,Y,
499,45,3,,,,,,,Y,AO07,N,,,,,,,,,,,,,,,,,,,,,,,,,,,,3,42,Y,,,,,Y,,,,,,,,Y,,,
500,45,4,,,,,,,,,,N,AO01,N,,,,,,,,,,,,,,,,,,,,,,,,,3,68,,,Y,,,Y,,,,,,,,,,Y,
501,45,10,,,,,,,,,,,,,,,,,,,,,,,,,,,,N,AO03,Y,,,,,,,3,28,Y,,,,,,,Y,,,,,,Y,,,
502,45,5,,,,,,,,,,,,,N,AO02,Y,,,,,,,,,,,,,,,,,,,,,,3,58,Y,,,,,,Y,,,,,,,,Y,,
503,45,12,,,,,,,,,,,,,,,,,,,,,,,,,,,,,,,,,,N,AO06,Y,3,63,,,Y,,,Y,,,,,,,,,,Y,
504,45,9,,,,,,,,,,,,,,,,,,,,,,,,,N,AO01,Y,,,,,,,,,,3,52,,,Y,,,Y,,,,,,,Y,Y,,,
505,45,4,,,,,,,,,,N,AO06,Y,,,,,,,,,,,,,,,,,,,,,,,,,3,52,Y,,,,,,,,,,,,Y,Y,,,
506,45,6,,,,,,,,,,,,,,,,Y,AO06,Y,,,,,,,,,,,,,,,,,,,3,20,Y,,,,,,Y,,,,Y,,,Y,,,
507,45,11,,,,,,,,,,,,,,,,,,,,,,,,,,,,,,,N,AO01,N,,,,3,72,,,Y,,,Y,,,,,,,,,Y,Y,
508,45,6,,,,,,,,,,,,,,,,Y,AO06,Y,,,,,,,,,,,,,,,,,,,3,69,Y,,,,,Y,,,,,,,,Y,,,
509,45,5,,,,,,,,,,,,,N,AO01,N,,,,,,,,,,,,,,,,,,,,,,3,57,Y,,,,,,Y,,,,,,,Y,,,
510,45,6,,,,,,,,,,,,,,,,N,AO07,N,,,,,,,,,,,,,,,,,,,3,45,,,Y,,,Y,,,,,,,,,,Y,
511,45,9,,,,,,,,,,,,,,,,,,,,,,,,,Y,AO05,Y,,,,,,,,,,3,34,,,Y,,,,,Y,,,,,,Y,,,
512,45,7,,,,,,,,,,,,,,,,,,,Y,AO05,Y,,,,,,,,,,,,,,,,3,19,,,Y,,,Y,,,,,,,,,,Y,
513,45,3,,,,,,,N,AO07,N,,,,,,,,,,,,,,,,,,,,,,,,,,,,3,46,Y,,,,,,,,,,,,Y,,,Y,
514,41,10,,,,,,,,,,,,,,,,,,,,,,,,,,,,N,AO04,N,,,,,,,2,,,,,,,,,,,,,,,,,,
515,45,2,,,,N,AO07,Y,,,,,,,,,,,,,,,,,,,,,,,,,,,,,,,3,64,Y,,,,,,,,,,,,Y,,Y,,
516,45,8,,,,,,,,,,,,,,,,,,,,,,Y,AO04,Y,,,,,,,,,,,,,3,33,Y,,,,,,Y,,,,,,,,,Y,
517,45,7,,,,,,,,,,,,,,,,,,,Y,AO07,Y,,,,,,,,,,,,,,,,3,67,,,Y,,,,,,Y,,,,,,,Y,
518,45,11,,,,,,,,,,,,,,,,,,,,,,,,,,,,,,,N,AO04,Y,,,,3,40,Y,,,,,Y,,,,,,,,,,Y,
519,45,5,,,,,,,,,,,,,Y,AO04,N,,,,,,,,,,,,,,,,,,,,,,3,54,Y,,,,,,,Y,,,,,,Y,,,
520,12,3,,,,,,,Y,AO01,,,,,,,,,,,,,,,,,,,,,,,,,,,,,,,,,,,,,,,,,,,,,,,
521,45,10,,,,,,,,,,,,,,,,,,,,,,,,,,,,N,AO04,Y,,,,,,,3,60,,,Y,,,,,,,,,,Y,Y,,,
522,45,9,,,,,,,,,,,,,,,,,,,,,,,,,N,AO01,Y,,,,,,,,,,3,55,Y,,,,,,Y,,,,,,,,Y,,
523,45,6,,,,,,,,,,,,,,,,Y,AO07,Y,,,,,,,,,,,,,,,,,,,3,71,Y,,,,,,Y,,,,,,,Y,,,
524,41,11,,,,,,,,,,,,,,,,,,,,,,,,,,,,,,,N,AO05,Y,,,,2,,,,,,,,,,,,,,,,,,
525,45,9,,,,,,,,,,,,,,,,,,,,,,,,,Y,AO05,N,,,,,,,,,,3,52,Y,,,,,,Y,,,,,,Y,Y,,,
526,45,7,,,,,,,,,,,,,,,,,,,N,AO07,Y,,,,,,,,,,,,,,,,3,44,,,Y,,,,,,,,,,Y,,Y,,
527,43,8,,,,,,,,,,,,,,,,,,,,,,Y,AO05,Y,,,,,,,,,,,,,3,43,Y,,,,,,,,,,,,,,,,
528,45,11,,,,,,,,,,,,,,,,,,,,,,,,,,,,,,,N,AO04,Y,,,,3,58,Y,,,,,,,Y,,,,,,,,Y,
529,45,3,,,,,,,Y,AO06,Y,,,,,,,,,,,,,,,,,,,,,,,,,,,,3,33,Y,,,,,Y,,,,,,,,,,Y,
530,45,5,,,,,,,,,,,,,Y,AO06,Y,,,,,,,,,,,,,,,,,,,,,,3,31,Y,,,,,,Y,,,,,,,Y,,,
531,45,8,,,,,,,,,,,,,,,,,,,,,,N,AO07,N,,,,,,,,,,,,,3,68,,,Y,,,,,,Y,,,,,,,Y,
532,45,11,,,,,,,,,,,,,,,,,,,,,,,,,,,,,,,Y,AO01,Y,,,,3,42,Y,,,,,,,,,,,,Y,,,Y,
533,45,8,,,,,,,,,,,,,,,,,,,,,,N,AO05,Y,,,,,,,,,,,,,3,58,,,Y,,,Y,,,,,,,Y,,,Y,
534,45,2,,,,Y,AO07,Y,,,,,,,,,,,,,,,,,,,,,,,,,,,,,,,3,52,,,Y,,,Y,,,,,,,,Y,,,
535,45,12,,,,,,,,,,,,,,,,,,,,,,,,,,,,,,,,,,N,AO05,N,3,30,,,Y,,,,,Y,,,,,,,Y,,
536,45,10,,,,,,,,,,,,,,,,,,,,,,,,,,,,Y,AO04,Y,,,,,,,3,59,,,Y,,,,,Y,,,,,,,,Y,
537,41,1,Y,AO07,N,,,,,,,,,,,,,,,,,,,,,,,,,,,,,,,,,,1,,,,,,,,,,,,,,,,,,
538,45,10,,,,,,,,,,,,,,,,,,,,,,,,,,,,Y,AO07,Y,,,,,,,3,64,,,Y,,,,,Y,,,,,,,,Y,
539,19,6,,,,,,,,,,,,,,,,,,,,,,,,,,,,,,,,,,,,,,,,,,,,,,,,,,,,,,,
540,45,10,,,,,,,,,,,,,,,,,,,,,,,,,,,,Y,AO05,Y,,,,,,,3,72,Y,,,,,Y,,,,,,,Y,,,Y,
541,45,2,,,,Y,AO07,Y,,,,,,,,,,,,,,,,,,,,,,,,,,,,,,,3,65,,,Y,,,Y,,,,,,,,,,Y,
542,45,11,,,,,,,,,,,,,,,,,,,,,,,,,,,,,,,N,AO04,N,,,,3,63,Y,,,,,,Y,,,,,,Y,Y,,,
543,45,8,,,,,,,,,,,,,,,,,,,,,,Y,AO06,N,,,,,,,,,,,,,3,24,,,Y,,,,,Y,,,,,Y,,,Y,
544,45,11,,,,,,,,,,,,,,,,,,,,,,,,,,,,,,,N,AO05,N,,,,3,51,,,Y,,,Y,,,,,,,,,,Y,
545,45,1,N,AO01,N,,,,,,,,,,,,,,,,,,,,,,,,,,,,,,,,,,3,19,Y,,,,,,,,,,Y,,,,,Y,
546,45,2,,,,N,AO04,Y,,,,,,,,,,,,,,,,,,,,,,,,,,,,,,,3,53,,,Y,,,Y,,,,,,,Y,,Y,,
547,7,2,,,,,,,,,,,,,,,,,,,,,,,,,,,,,,,,,,,,,,,,,,,,,,,,,,,,,,,
548,45,4,,,,,,,,,,Y,AO07,Y,,,,,,,,,,,,,,,,,,,,,,,,,3,26,Y,,,,,Y,,,,,,,,,,Y,
549,45,4,,,,,,,,,,N,AO03,Y,,,,,,,,,,,,,,,,,,,,,,,,,3,46,Y,,,,,Y,,,,,,,,Y,,,
550,45,5,,,,,,,,,,,,,Y,AO07,Y,,,,,,,,,,,,,,,,,,,,,,3,62,,,Y,,,,,Y,,,,,,,,,Y
551,45,9,,,,,,,,,,,,,,,,,,,,,,,,,Y,AO06,Y,,,,,,,,,,3,67,Y,,,,,Y,,,,,,,,,,Y,
552,45,10,,,,,,,,,,,,,,,,,,,,,,,,,,,,N,AO01,N,,,,,,,3,65,Y,,,,,,,,,,,,Y,,,Y,
553,45,5,,,,,,,,,,,,,N,AO03,Y,,,,,,,,,,,,,,,,,,,,,,3,10,Y,,,,,Y,Y,,,,,,,,,Y,
554,41,8,,,,,,,,,,,,,,,,,,,,,,Y,AO03,Y,,,,,,,,,,,,,2,,,,,,,,,,,,,,,,,,
555,45,4,,,,,,,,,,N,AO04,N,,,,,,,,,,,,,,,,,,,,,,,,,3,68,,,Y,,,Y,,,,,,,,,,Y,
556,45,11,,,,,,,,,,,,,,,,,,,,,,,,,,,,,,,N,AO01,N,,,,3,61,Y,,,,,,,,,,,,Y,,,Y,
557,45,8,,,,,,,,,,,,,,,,,,,,,,N,AO07,Y,,,,,,,,,,,,,3,56,Y,,,,,Y,,,,,,,,Y,,,
558,45,11,,,,,,,,,,,,,,,,,,,,,,,,,,,,,,,Y,AO04,Y,,,,3,74,,,Y,,,,,,,,,,Y,,,Y,
559,45,3,,,,,,,N,AO05,Y,,,,,,,,,,,,,,,,,,,,,,,,,,,,3,65,Y,,,,,,,,,,,,Y,,,,Y
560,45,2,,,,Y,AO03,Y,,,,,,,,,,,,,,,,,,,,,,,,,,,,,,,3,59,Y,,,,,,,Y,,,,,,Y,,,
561,45,5,,,,,,,,,,,,,Y,AO06,Y,,,,,,,,,,,,,,,,,,,,,,3,33,Y,,,,,,,Y,,,,,Y,,,Y,
562,45,10,,,,,,,,,,,,,,,,,,,,,,,,,,,,N,AO04,N,,,,,,,3,40,Y,,,,,,,,,,,,Y,Y,,,
563,45,2,,,,Y,AO03,N,,,,,,,,,,,,,,,,,,,,,,,,,,,,,,,3,63,Y,,,,Y,,,,,,,,Y,,Y,,
564,45,3,,,,,,,N,AO04,N,,,,,,,,,,,,,,,,,,,,,,,,,,,,3,48,Y,,,,,,,,Y,,,,,,Y,,
565,45,11,,,,,,,,,,,,,,,,,,,,,,,,,,,,,,,Y,AO06,Y,,,,3,67,,,Y,,,,Y,,,,,,,,,Y,
566,45,8,,,,,,,,,,,,,,,,,,,,,,Y,AO07,Y,,,,,,,,,,,,,3,64,Y,,,,,Y,,,,,,,Y,Y,,,
567,45,1,Y,AO05,N,,,,,,,,,,,,,,,,,,,,,,,,,,,,,,,,,,3,36,Y,,,,,Y,,,,,,,,Y,,,
568,45,9,,,,,,,,,,,,,,,,,,,,,,,,,Y,AO07,N,,,,,,,,,,3,21,,,Y,,,,,Y,,,,,,Y,,,
569,45,12,,,,,,,,,,,,,,,,,,,,,,,,,,,,,,,,,,N,AO07,N,3,67,Y,,,,,Y,,,,,,,,,,Y,
570,45,12,,,,,,,,,,,,,,,,,,,,,,,,,,,,,,,,,,N,AO03,N,3,46,,,Y,,,,,,,,,,Y,,,Y,
571,45,6,,,,,,,,,,,,,,,,Y,AO04,Y,,,,,,,,,,,,,,,,,,,3,37,,,Y,,,Y,,,,,,,Y,,,Y,
572,-1,,,,,,,,,,,,,,,,,,,,,,,,,,,,,,,,,,,,,,,,,,,,,,,,,,,,,,,,
573,45,4,,,,,,,,,,Y,AO07,Y,,,,,,,,,,,,,,,,,,,,,,,,,3,71,,,Y,,,,,,,,,,Y,Y,,,
574,41,12,,,,,,,,,,,,,,,,,,,,,,,,,,,,,,,,,,N,AO04,N,2,,,,,,,,,,,,,,,,,,
575,45,9,,,,,,,,,,,,,,,,,,,,,,,,,N,AO04,N,,,,,,,,,,3,67,Y,,,,,Y,,,,,,,,,,Y,
576,21,6,,,,,,,,,,,,,,,,Y,AO07,,,,,,,,,,,,,,,,,,,,,,,,,,,,,,,,,,,,,,
577,45,8,,,,,,,,,,,,,,,,,,,,,,Y,AO07,Y,,,,,,,,,,,,,3,32,,,Y,,,Y,,,,,,,,Y,,,
578,45,11,,,,,,,,,,,,,,,,,,,,,,,,,,,,,,,N,AO04,N,,,,3,62,Y,,,,,,,Y,,,,,,,Y,,
579,45,5,,,,,,,,,,,,,Y,AO07,Y,,,,,,,,,,,,,,,,,,,,,,3,19,Y,,,,,,Y,,,,,,,,,,Y
580,45,9,,,,,,,,,,,,,,,,,,,,,,,,,N,AO07,N,,,,,,,,,,3,29,,,Y,,,Y,,,,,,,,,Y,,
581,-1,,,,,,,,,,,,,,,,,,,,,,,,,,,,,,,,,,,,,,,,,,,,,,,,,,,,,,,,
582,45,4,,,,,,,,,,Y,AO07,Y,,,,,,,,,,,,,,,,,,,,,,,,,3,46,,,Y,,,Y,,,,,,,,Y,,,
583,45,10,,,,,,,,,,,,,,,,,,,,,,,,,,,,N,AO02,N,,,,,,,3,44,,,Y,,,,,Y,,,,,Y,Y,,,
584,45,11,,,,,,,,,,,,,,,,,,,,,,,,,,,,,,,Y,AO07,Y,,,,3,39,Y,,,,,Y,,,,,,,,Y,,,
585,45,11,,,,,,,,,,,,,,,,,,,,,,,,,,,,,,,Y,AO07,Y,,,,3,38,,,Y,,,,,Y,,,,,,,,Y,
586,45,9,,,,,,,,,,,,,,,,,,,,,,,,,Y,AO07,Y,,,,,,,,,,3,56,,,Y,,,,Y,,,,,,,Y,,,
587,35,11,,,,,,,,,,,,,,,,,,,,,,,,,,,,,,,N,,,,,,,,,,,,,,,,,,,,,,,,
588,45,4,,,,,,,,,,Y,AO06,Y,,,,,,,,,,,,,,,,,,,,,,,,,3,24,,,Y,,,,,,,,,,Y,Y,,,
589,45,3,,,,,,,Y,AO07,Y,,,,,,,,,,,,,,,,,,,,,,,,,,,,3,65,,,Y,,,,,,,,,,Y,,,Y,
590,45,5,,,,,,,,,,,,,Y,AO07,Y,,,,,,,,,,,,,,,,,,,,,,3,59,Y,,,,,Y,,,,,,,,,,Y,
591,45,11,,,,,,,,,,,,,,,,,,,,,,,,,,,,,,,N,AO07,N,,,,3,70,,,Y,,,Y,,,,,,,,,,Y,
592,45,12,,,,,,,,,,,,,,,,,,,,,,,,,,,,,,,,,,Y,AO07,Y,3,34,,,Y,,,,,,,,Y,,,,,Y,
593,45,6,,,,,,,,,,,,,,,,N,AO05,N,,,,,,,,,,,,,,,,,,,3,40,Y,,,,,Y,,,,,,,,,,Y,
594,45,7,,,,,,,,,,,,,,,,,,,Y,AO04,N,,,,,,,,,,,,,,,,3,57,Y,,,,,,Y,,,,,,,,,Y,
595,45,8,,,,,,,,,,,,,,,,,,,,,,N,AO04,Y,,,,,,,,,,,,,3,70,,,Y,,,,,Y,,,,,,Y,,,
596,45,11,,,,,,,,,,,,,,,,,,,,,,,,,,,,,,,Y,AO05,Y,,,,3,69,,,Y,,,Y,,,,,,,,,,Y,
597,45,7,,,,,,,,,,,,,,,,,,,Y,AO07,Y,,,,,,,,,,,,,,,,3,54,,,Y,,,,,Y,,,,,,Y,,,
598,45,4,,,,,,,,,,N,AO03,N,,,,,,,,,,,,,,,,,,,,,,,,,3,50,,,Y,,,Y,,,,,,,,,Y,,
599,45,7,,,,,,,,,,,,,,,,,,,Y,AO07,N,,,,,,,,,,,,,,,,3,37,,,Y,,,,,Y,,,,,,,,Y,
600,45,5,,,,,,,,,,,,,Y,AO07,Y,,,,,,,,,,,,,,,,,,,,,,3,65,Y,,,,,Y,,,,,,,,Y,,,
601,41,10,,,,,,,,,,,,,,,,,,,,,,,,,,,,N,AO01,N,,,,,,,2,,,,,,,,,,,,,,,,,,
602,45,6,,,,,,,,,,,,,,,,N,AO01,Y,,,,,,,,,,,,,,,,,,,3,23,,,Y,,,,,,,,Y,,,,,,Y
603,45,12,,,,,,,,,,,,,,,,,,,,,,,,,,,,,,,,,,N,AO04,N,3,70,Y,,,,,,Y,,,,,,,,,Y,
604,,,,,,,,,,,,,,,,,,,,,,,,,,,,,,,,,,,,,,,,,,,,,,,,,,,,,,,,,
605,45,4,,,,,,,,,,N,AO07,N,,,,,,,,,,,,,,,,,,,,,,,,,3,44,,,Y,,,Y,,,,,,,,Y,,,
606,45,1,N,AO04,N,,,,,,,,,,,,,,,,,,,,,,,,,,,,,,,,,,3,46,,,Y,,,,,Y,,,,,,,,Y,
607,45,4,,,,,,,,,,Y,AO06,Y,,,,,,,,,,,,,,,,,,,,,,,,,3,50,,,Y,,,,,Y,,,,,,Y,,,
608,22,7,,,,,,,,,,,,,,,,,,,,,,,,,,,,,,,,,,,,,,,,,,,,,,,,,,,,,,,
609,45,11,,,,,,,,,,,,,,,,,,,,,,,,,,,,,,,Y,AO07,Y,,,,3,28,,,Y,,,,Y,,,,,,Y,Y,,,
610,5,1,N,,,,,,,,,,,,,,,,,,,,,,,,,,,,,,,,,,,,,,,,,,,,,,,,,,,,,,
611,45,10,,,,,,,,,,,,,,,,,,,,,,,,,,,,Y,AO07,Y,,,,,,,3,50,,,Y,,,,,Y,,,,,,,,Y,
612,45,5,,,,,,,,,,,,,N,AO07,N,,,,,,,,,,,,,,,,,,,,,,3,57,,,Y,,,,Y,,,,,,Y,,Y,,
613,11,3,,,,,,,N,,,,,,,,,,,,,,,,,,,,,,,,,,,,,,,,,,,,,,,,,,,,,,,,
614,45,3,,,,,,,N,AO06,N,,,,,,,,,,,,,,,,,,,,,,,,,,,,3,64,Y,,,,,,,Y,,,,,,,,Y,
615,13,4,,,,,,,,,,,,,,,,,,,,,,,,,,,,,,,,,,,,,,,,,,,,,,,,,,,,,,,
616,45,4,,,,,,,,,,Y,AO03,Y,,,,,,,,,,,,,,,,,,,,,,,,,3,41,,,Y,,,,,,,,,,Y,,,Y,
617,45,8,,,,,,,,,,,,,,,,,,,,,,N,AO04,N,,,,,,,,,,,,,3,56,Y,,,,,,Y,,,,,,,,Y,,
618,45,11,,,,,,,,,,,,,,,,,,,,,,,,,,,,,,,N,AO04,N,,,,3,44,Y,,,,,,,Y,,,,,,,,Y,
619,45,11,,,,,,,,,,,,,,,,,,,,,,,,,,,,,,,Y,AO06,Y,,,,3,62,,,Y,,,,,Y,,,,,,Y,,,
620,45,8,,,,,,,,,,,,,,,,,,,,,,Y,AO07,N,,,,,,,,,,,,,3,56,,,Y,,,,,,Y,,,,,,,Y,
621,45,2,,,,Y,AO07,Y,,,,,,,,,,,,,,,,,,,,,,,,,,,,,,,3,64,Y,,,,,Y,,,,,,,,,,Y,
622,45,7,,,,,,,,,,,,,,,,,,,Y,AO06,Y,,,,,,,,,,,,,,,,3,51,Y,,,,,,,,,,,,Y,,,Y,
623,45,3,,,,,,,Y,AO07,Y,,,,,,,,,,,,,,,,,,,,,,,,,,,,3,20,Y,,,,,,Y,,,,,,,,,Y,
624,45,10,,,,,,,,,,,,,,,,,,,,,,,,,,,,N,AO04,N,,,,,,,3,46,,,Y,,,,,,,,,,Y,,,Y,
625,45,7,,,,,,,,,,,,,,,,,,,Y,AO07,Y,,,,,,,,,,,,,,,,3,54,,,Y,,,,,,,,,,Y,,,Y,
626,45,4,,,,,,,,,,N,AO01,N,,,,,,,,,,,,,,,,,,,,,,,,,3,63,Y,,,,,,Y,,,,,,,,,Y,
627,45,12,,,,,,,,,,,,,,,,,,,,,,,,,,,,,,,,,,N,AO04,N,3,67,,,Y,,,,,,,,,,Y,,,Y,
628,45,7,,,,,,,,,,,,,,,,,,,N,AO01,N,,,,,,,,,,,,,,,,3,59,Y,,,,,Y,,,,,,,,,,Y,
629,45,10,,,,,,,,,,,,,,,,,,,,,,,,,,,,N,AO06,N,,,,,,,3,52,Y,,,,,,,,,,,,Y,,Y,,
630,45,3,,,,,,,Y,AO07,Y,,,,,,,,,,,,,,,,,,,,,,,,,,,,3,48,Y,,,,,,,Y,,,,,,Y,,,
631,45,11,,,,,,,,,,,,,,,,,,,,,,,,,,,,,,,N,AO07,N,,,,3,47,,,Y,,,,,,,,,,Y,,,Y,
632,-1,,,,,,,,,,,,,,,,,,,,,,,,,,,,,,,,,,,,,,,,,,,,,,,,,,,,,,,,
633,45,3,,,,,,,N,AO01,N,,,,,,,,,,,,,,,,,,,,,,,,,,,,3,55,Y,,,,,,,,,,,,Y,,,Y,
634,45,3,,,,,,,Y,AO04,N,,,,,,,,,,,,,,,,,,,,,,,,,,,,3,29,,,Y,,,,,Y,,,,,Y,,,,Y
635,41,9,,,,,,,,,,,,,,,,,,,,,,,,,Y,AO01,Y,,,,,,,,,,1,,,,,,,,,,,,,,,,,,
636,45,6,,,,,,,,,,,,,,,,Y,AO02,Y,,,,,,,,,,,,,,,,,,,3,44,Y,,,,,Y,,,,,,,,Y,,,
637,45,2,,,,Y,AO07,Y,,,,,,,,,,,,,,,,,,,,,,,,,,,,,,,3,43,Y,,,,,,,,,,,,Y,Y,,,
638,45,11,,,,,,,,,,,,,,,,,,,,,,,,,,,,,,,N,AO03,Y,,,,3,55,Y,,,,,Y,,,,,,,,Y,,,
639,34,11,,,,,,,,,,,,,,,,,,,,,,,,,,,,,,,,,,,,,,,,,,,,,,,,,,,,,,,
640,45,11,,,,,,,,,,,,,,,,,,,,,,,,,,,,,,,Y,AO07,N,,,,3,60,Y,,,,,Y,,,,,,,,Y,,,
641,45,3,,,,,,,N,AO04,Y,,,,,,,,,,,,,,,,,,,,,,,,,,,,3,63,,,Y,,,Y,,,,,,,,,,Y,
642,45,8,,,,,,,,,,,,,,,,,,,,,,N,AO04,N,,,,,,,,,,,,,3,54,Y,,,,,,Y,,,,,,,,,Y,
643,45,2,,,,Y,AO07,Y,,,,,,,,,,,,,,,,,,,,,,,,,,,,,,,3,65,Y,,,,,Y,,,,,,,,Y,,,
644,45,4,,,,,,,,,,Y,AO07,Y,,,,,,,,,,,,,,,,,,,,,,,,,3,61,Y,,,,,Y,,,,,,,,Y,,,
645,41,9,,,,,,,,,,,,,,,,,,,,,,,,,N,AO03,Y,,,,,,,,,,5,,,,,,,,,,,,,,,,,,
646,45,5,,,,,,,,,,,,,Y,AO05,Y,,,,,,,,,,,,,,,,,,,,,,3,65,,,Y,,,Y,,,,,,,Y,,,Y,
647,45,2,,,,Y,AO07,Y,,,,,,,,,,,,,,,,,,,,,,,,,,,,,,,3,55,,,Y,,,,Y,,,,,,,Y,,,
648,45,11,,,,,,,,,,,,,,,,,,,,,,,,,,,,,,,Y,AO05,Y,,,,3,35,,,Y,,,Y,,,,,,,,,,Y,
649,45,1,Y,AO07,Y,,,,,,,,,,,,,,,,,,,,,,,,,,,,,,,,,,3,26,Y,,,,,,Y,,,,,,,,,,Y
650,45,3,,,,,,,Y,AO06,Y,,,,,,,,,,,,,,,,,,,,,,,,,,,,3,61,Y,,,,,Y,,,,,,,Y,,,Y,
651,45,3,,,,,,,Y,AO03,Y,,,,,,,,,,,,,,,,,,,,,,,,,,,,3,40,Y,,,,,,,,,,,,Y,,,Y,
652,45,1,Y,AO04,Y,,,,,,,,,,,,,,,,,,,,,,,,,,,,,,,,,,3,57,Y,,,,,,,Y,,,,,,,,Y,
653,45,2,,,,N,AO01,N,,,,,,,,,,,,,,,,,,,,,,,,,,,,,,,3,62,Y,,,,,Y,,,,,,,,,,Y,
654,45,10,,,,,,,,,,,,,,,,,,,,,,,,,,,,Y,AO05,Y,,,,,,,3,44,Y,,,,,,Y,,,,,,,Y,,,
655,45,9,,,,,,,,,,,,,,,,,,,,,,,,,N,AO04,Y,,,,,,,,,,3,62,Y,,,,,Y,,,,,,,,Y,,,
656,19,6,,,,,,,,,,,,,,,,,,,,,,,,,,,,,,,,,,,,,,,,,,,,,,,,,,,,,,,
657,45,8,,,,,,,,,,,,,,,,,,,,,,Y,AO07,N,,,,,,,,,,,,,3,62,,,Y,,,,Y,,,,,,Y,,,Y,
658,45,9,,,,,,,,,,,,,,,,,,,,,,,,,N,AO01,Y,,,,,,,,,,3,48,Y,,,,,,,Y,,,,,,,,Y,
659,45,4,,,,,,,,,,Y,AO07,Y,,,,,,,,,,,,,,,,,,,,,,,,,3,49,,,Y,,,Y,,,,,,,,,,Y,
660,45,11,,,,,,,,,,,,,,,,,,,,,,,,,,,,,,,N,AO04,Y,,,,3,50,,,Y,,,,,,,,,,Y,,,Y,
661,45,5,,,,,,,,,,,,,N,AO06,Y,,,,,,,,,,,,,,,,,,,,,,3,21,Y,,,,,,Y,,,,,,,,,Y,
662,45,10,,,,,,,,,,,,,,,,,,,,,,,,,,,,Y,AO02,Y,,,,,,,3,66,,,Y,,,,Y,,,,,,,Y,,,
663,-1,,,,,,,,,,,,,,,,,,,,,,,,,,,,,,,,,,,,,,,,,,,,,,,,,,,,,,,,
664,45,3,,,,,,,N,AO04,N,,,,,,,,,,,,,,,,,,,,,,,,,,,,3,43,Y,,,,,,,,,,,,Y,,,Y,
665,45,2,,,,Y,AO07,Y,,,,,,,,,,,,,,,,,,,,,,,,,,,,,,,3,49,,,Y,,,Y,,,,,,,,Y,,,
666,45,12,,,,,,,,,,,,,,,,,,,,,,,,,,,,,,,,,,N,AO06,N,3,57,Y,,,,,Y,,,,,,,,,,Y,
667,45,3,,,,,,,Y,AO06,Y,,,,,,,,,,,,,,,,,,,,,,,,,,,,3,60,,,Y,,,,,Y,,,,,,,,Y,
668,45,8,,,,,,,,,,,,,,,,,,,,,,Y,AO06,Y,,,,,,,,,,,,,3,30,,,Y,,,,,,,,,,Y,Y,,,
669,45,5,,,,,,,,,,,,,Y,AO06,Y,,,,,,,,,,,,,,,,,,,,,,3,74,,,Y,,,,,Y,,,,,,,,Y,
670,45,1,Y,AO04,Y,,,,,,,,,,,,,,,,,,,,,,,,,,,,,,,,,,3,58,Y,,,,,,,,,,,,Y,Y,,,
671,45,3,,,,,,,N,AO04,N,,,,,,,,,,,,,,,,,,,,,,,,,,,,3,66,,,Y,,,,,Y,,,,,,,,Y,
672,45,8,,,,,,,,,,,,,,,,,,,,,,Y,AO04,Y,,,,,,,,,,,,,3,70,Y,,,,,,,Y,,,,,,,,Y,
673,45,10,,,,,,,,,,,,,,,,,,,,,,,,,,,,N,AO01,N,,,,,,,3,54,Y,,,,,,,,Y,,,,,Y,,,
674,45,2,,,,Y,AO06,Y,,,,,,,,,,,,,,,,,,,,,,,,,,,,,,,3,33,Y,,,,,,,Y,,,,,Y,Y,,,
675,45,5,,,,,,,,,,,,,N,AO04,N,,,,,,,,,,,,,,,,,,,,,,3,63,,,Y,,,,Y,,,,,,Y,Y,,,
676,45,4,,,,,,,,,,Y,AO04,N,,,,,,,,,,,,,,,,,,,,,,,,,3,34,,,Y,,,,,Y,,,,,,,,Y,
677,45,10,,,,,,,,,,,,,,,,,,,,,,,,,,,,Y,AO01,N,,,,,,,3,65,,,Y,,,,,,,,,,Y,,,Y,
678,45,1,Y,AO07,Y,,,,,,,,,,,,,,,,,,,,,,,,,,,,,,,,,,3,52,,,Y,,,,Y,,,,,,Y,,,Y,
679,-1,,,,,,,,,,,,,,,,,,,,,,,,,,,,,,,,,,,,,,,,,,,,,,,,,,,,,,,,
680,45,6,,,,,,,,,,,,,,,,N,AO04,Y,,,,,,,,,,,,,,,,,,,3,61,,,Y,,,,,,,,,,Y,,,Y,
681,45,6,,,,,,,,,,,,,,,,N,AO04,Y,,,,,,,,,,,,,,,,,,,3,70,Y,,,,,Y,,,,,,,,,,Y,
682,45,3,,,,,,,Y,AO07,Y,,,,,,,,,,,,,,,,,,,,,,,,,,,,3,36,Y,,,,,,,Y,,,,,,,,Y,
683,41,6,,,,,,,,,,,,,,,,N,AO04,N,,,,,,,,,,,,,,,,,,,2,,,,,,,,,,,,,,,,,,
684,45,11,,,,,,,,,,,,,,,,,,,,,,,,,,,,,,,Y,AO07,Y,,,,3,54,Y,,,,,,,Y,,,,,,,,Y,
685,45,12,,,,,,,,,,,,,,,,,,,,,,,,,,,,,,,,,,Y,AO07,Y,3,37,Y,,,,,Y,,,,,,,,Y,,,
686,45,4,,,,,,,,,,N,AO04,Y,,,,,,,,,,,,,,,,,,,,,,,,,3,56,Y,,,,,Y,,,,,,,,,,Y,
687,45,2,,,,Y,AO07,Y,,,,,,,,,,,,,,,,,,,,,,,,,,,,,,,3,56,Y,,,,,Y,,,,,,,,,,Y,
688,45,5,,,,,,,,,,,,,N,AO05,Y,,,,,,,,,,,,,,,,,,,,,,3,45,Y,,,,,Y,,,,,,,,Y,,,
689,45,11,,,,,,,,,,,,,,,,,,,,,,,,,,,,,,,N,AO05,Y,,,,3,44,,,Y,,,,Y,,,,,,Y,,,Y,
690,45,3,,,,,,,Y,AO04,Y,,,,,,,,,,,,,,,,,,,,,,,,,,,,3,68,,,Y,,,Y,,,,,,,,,,Y,
691,45,1,Y,AO06,Y,,,,,,,,,,,,,,,,,,,,,,,,,,,,,,,,,,3,66,Y,,,,,,Y,,,,,,,,,Y,
692,45,8,,,,,,,,,,,,,,,,,,,,,,N,AO04,N,,,,,,,,,,,,,3,67,Y,,,,,,,,,,,,Y,Y,,,
693,36,11,,,,,,,,,,,,,,,,,,,,,,,,,,,,,,,Y,AO04,,,,,,,,,,,,,,,,,,,,,,,
694,41,1,Y,AO07,Y,,,,,,,,,,,,,,,,,,,,,,,,,,,,,,,,,,1,,,,,,,,,,,,,,,,,,
695,45,12,,,,,,,,,,,,,,,,,,,,,,,,,,,,,,,,,,N,AO07,Y,3,83,,,Y,,,Y,,,,,,,Y,,,Y,
696,45,8,,,,,,,,,,,,,,,,,,,,,,Y,AO01,Y,,,,,,,,,,,,,3,42,Y,,,,,,,,,,,,Y,Y,,,
697,45,9,,,,,,,,,,,,,,,,,,,,,,,,,N,AO03,Y,,,,,,,,,,3,61,,,Y,,,,,Y,,,,,,Y,,,
698,45,2,,,,N,AO04,Y,,,,,,,,,,,,,,,,,,,,,,,,,,,,,,,3,44,,,Y,,,Y,,,,,,,Y,,,Y,
699,45,3,,,,,,,Y,AO07,Y,,,,,,,,,,,,,,,,,,,,,,,,,,,,3,61,Y,,,,,Y,,,,,,,,Y,,,
700,45,12,,,,,,,,,,,,,,,,,,,,,,,,,,,,,,,,,,Y,AO02,N,3,59,Y,,,,,,,Y,,,,,,Y,,,
701,45,5,,,,,,,,,,,,,Y,AO06,Y,,,,,,,,,,,,,,,,,,,,,,3,46,,,Y,,,,,Y,,,,,,,,Y,
702,41,11,,,,,,,,,,,,,,,,,,,,,,,,,,,,,,,Y,AO07,Y,,,,2,,,,,,,,,,,,,,,,,,
703,45,11,,,,,,,,,,,,,,,,,,,,,,,,,,,,,,,Y,AO02,Y,,,,3,36,Y,,,,,Y,,,,,,,Y,Y,,,
704,45,4,,,,,,,,,,Y,AO03,Y,,,,,,,,,,,,,,,,,,,,,,,,,3,20,Y,,,,,,,,,,Y,,,,Y,,
705,45,2,,,,Y,AO03,N,,,,,,,,,,,,,,,,,,,,,,,,,,,,,,,3,20,Y,,,,,,Y,,,,,,,,Y,,
706,45,5,,,,,,,,,,,,,N,AO07,Y,,,,,,,,,,,,,,,,,,,,,,3,57,,,Y,,,Y,,,,,,,,,,Y,
707,45,11,,,,,,,,,,,,,,,,,,,,,,,,,,,,,,,Y,AO04,Y,,,,3,67,Y,,,,,,,,,,,,Y,,,Y,
708,45,4,,,,,,,,,,N,AO06,Y,,,,,,,,,,,,,,,,,,,,,,,,,3,63,,,Y,,,,,,,,,,Y,,,Y,
709,45,8,,,,,,,,,,,,,,,,,,,,,,N,AO07,N,,,,,,,,,,,,,3,61,Y,,,,,,Y,,,,,,,,Y,,
710,45,2,,,,Y,AO05,N,,,,,,,,,,,,,,,,,,,,,,,,,,,,,,,3,49,Y,,,,,,Y,,,,,,,Y,,,
711,45,11,,,,,,,,,,,,,,,,,,,,,,,,,,,,,,,Y,AO04,N,,,,3,49,Y,,,,,,,,,,,,Y,Y,,,
712,45,10,,,,,,,,,,,,,,,,,,,,,,,,,,,,Y,AO07,Y,,,,,,,3,24,Y,,,,,Y,,,,,,,Y,Y,,,
713,41,2,,,,N,AO07,N,,,,,,,,,,,,,,,,,,,,,,,,,,,,,,,5,,,,,,,,,,,,,,,,,,
714,45,12,,,,,,,,,,,,,,,,,,,,,,,,,,,,,,,,,,N,AO05,Y,3,72,,,Y,,,,,,,,,,Y,,,Y,
715,45,11,,,,,,,,,,,,,,,,,,,,,,,,,,,,,,,Y,AO07,Y,,,,3,56,Y,,,,,,Y,,,,,,,,,Y,
716,45,6,,,,,,,,,,,,,,,,N,AO06,N,,,,,,,,,,,,,,,,,,,3,57,,,Y,,,Y,,,,,,,,,,Y,
717,45,9,,,,,,,,,,,,,,,,,,,,,,,,,N,AO07,Y,,,,,,,,,,3,47,,,Y,,,,,,,,,,Y,,,Y,
718,45,4,,,,,,,,,,N,AO06,N,,,,,,,,,,,,,,,,,,,,,,,,,3,45,,,Y,,,,,,Y,,,,,,,Y,
719,45,4,,,,,,,,,,N,AO07,N,,,,,,,,,,,,,,,,,,,,,,,,,3,62,Y,,,,,,Y,,,,,,,,,Y,
720,45,9,,,,,,,,,,,,,,,,,,,,,,,,,Y,AO06,Y,,,,,,,,,,3,33,,,Y,,,Y,Y,,,,,,,Y,,,
721,45,12,,,,,,,,,,,,,,,,,,,,,,,,,,,,,,,,,,N,AO04,N,3,45,,,Y,,,,Y,,,,,,,,,Y,
722,41,2,,,,Y,AO07,Y,,,,,,,,,,,,,,,,,,,,,,,,,,,,,,,3,,,,,,,,,,,,,,,,,,
723,41,5,,,,,,,,,,,,,Y,AO03,Y,,,,,,,,,,,,,,,,,,,,,,1,,,,,,,,,,,,,,,,,,
724,41,9,,,,,,,,,,,,,,,,,,,,,,,,,N,AO07,Y,,,,,,,,,,3,,,,,,,,,,,,,,,,,,
725,41,1,Y,AO04,Y,,,,,,,,,,,,,,,,,,,,,,,,,,,,,,,,,,3,,,,,,,,,,,,,,,,,,
726,41,11,,,,,,,,,,,,,,,,,,,,,,,,,,,,,,,Y,AO03,N,,,,3,,,,,,,,,,,,,,,,,,
727,41,8,,,,,,,,,,,,,,,,,,,,,,N,AO03,Y,,,,,,,,,,,,,3,,,,,,,,,,,,,,,,,,
728,41,3,,,,,,,Y,AO01,Y,,,,,,,,,,,,,,,,,,,,,,,,,,,,3,,,,,,,,,,,,,,,,,,
729,41,11,,,,,,,,,,,,,,,,,,,,,,,,,,,,,,,Y,AO05,Y,,,,3,,,,,,,,,,,,,,,,,,
730,41,12,,,,,,,,,,,,,,,,,,,,,,,,,,,,,,,,,,N,AO01,Y,3,,,,,,,,,,,,,,,,,,
731,41,8,,,,,,,,,,,,,,,,,,,,,,N,AO01,Y,,,,,,,,,,,,,3,,,,,,,,,,,,,,,,,,
732,41,1,Y,AO07,Y,,,,,,,,,,,,,,,,,,,,,,,,,,,,,,,,,,3,,,,,,,,,,,,,,,,,,
733,41,7,,,,,,,,,,,,,,,,,,,Y,AO07,Y,,,,,,,,,,,,,,,,3,,,,,,,,,,,,,,,,,,
734,41,6,,,,,,,,,,,,,,,,N,AO07,N,,,,,,,,,,,,,,,,,,,3,,,,,,,,,,,,,,,,,,
735,41,8,,,,,,,,,,,,,,,,,,,,,,N,AO02,Y,,,,,,,,,,,,,3,,,,,,,,,,,,,,,,,,
736,41,7,,,,,,,,,,,,,,,,,,,Y,AO07,Y,,,,,,,,,,,,,,,,3,,,,,,,,,,,,,,,,,,
737,41,12,,,,,,,,,,,,,,,,,,,,,,,,,,,,,,,,,,N,AO02,N,3,,,,,,,,,,,,,,,,,,
738,41,1,Y,AO06,Y,,,,,,,,,,,,,,,,,,,,,,,,,,,,,,,,,,3,,,,,,,,,,,,,,,,,,
739,41,5,,,,,,,,,,,,,Y,AO05,Y,,,,,,,,,,,,,,,,,,,,,,3,,,,,,,,,,,,,,,,,,
740,41,1,Y,AO02,Y,,,,,,,,,,,,,,,,,,,,,,,,,,,,,,,,,,3,,,,,,,,,,,,,,,,,,
741,41,8,,,,,,,,,,,,,,,,,,,,,,N,AO03,Y,,,,,,,,,,,,,3,,,,,,,,,,,,,,,,,,
742,41,6,,,,,,,,,,,,,,,,Y,AO07,Y,,,,,,,,,,,,,,,,,,,3,,,,,,,,,,,,,,,,,,
743,41,9,,,,,,,,,,,,,,,,,,,,,,,,,Y,AO02,Y,,,,,,,,,,3,,,,,,,,,,,,,,,,,,
744,41,2,,,,Y,AO05,N,,,,,,,,,,,,,,,,,,,,,,,,,,,,,,,3,,,,,,,,,,,,,,,,,,
745,-1,,,,,,,,,,,,,,,,,,,,,,,,,,,,,,,,,,,,,,,,,,,,,,,,,,,,,,,,
746,41,5,,,,,,,,,,,,,Y,AO03,N,,,,,,,,,,,,,,,,,,,,,,1,,,,,,,,,,,,,,,,,,
747,41,11,,,,,,,,,,,,,,,,,,,,,,,,,,,,,,,Y,AO07,Y,,,,3,,,,,,,,,,,,,,,,,,
748,41,12,,,,,,,,,,,,,,,,,,,,,,,,,,,,,,,,,,N,AO02,N,3,,,,,,,,,,,,,,,,,,
749,41,6,,,,,,,,,,,,,,,,Y,AO06,Y,,,,,,,,,,,,,,,,,,,1,,,,,,,,,,,,,,,,,,
750,41,3,,,,,,,N,AO03,Y,,,,,,,,,,,,,,,,,,,,,,,,,,,,3,,,,,,,,,,,,,,,,,,
751,41,9,,,,,,,,,,,,,,,,,,,,,,,,,N,AO04,Y,,,,,,,,,,3,,,,,,,,,,,,,,,,,,
752,41,6,,,,,,,,,,,,,,,,N,AO02,N,,,,,,,,,,,,,,,,,,,3,,,,,,,,,,,,,,,,,,
753,41,10,,,,,,,,,,,,,,,,,,,,,,,,,,,,Y,AO07,Y,,,,,,,3,,,,,,,,,,,,,,,,,,
754,41,12,,,,,,,,,,,,,,,,,,,,,,,,,,,,,,,,,,N,AO01,N,3,,,,,,,,,,,,,,,,,,
755,40,3,,,,,,,N,AO05,N,,,,,,,,,,,,,,,,,,,,,,,,,,,,,,,,,,,,,,,,,,,,,,
756,41,12,,,,,,,,,,,,,,,,,,,,,,,,,,,,,,,,,,Y,AO02,Y,3,,,,,,,,,,,,,,,,,,
757,41,4,,,,,,,,,,N,AO05,Y,,,,,,,,,,,,,,,,,,,,,,,,,3,,,,,,,,,,,,,,,,,,
758,41,2,,,,Y,AO01,Y,,,,,,,,,,,,,,,,,,,,,,,,,,,,,,,3,,,,,,,,,,,,,,,,,,
759,,,,,,,,,,,,,,,,,,,,,,,,,,,,,,,,,,,,,,,,,,,,,,,,,,,,,,,,,
